Soil_Type,Footing_Type,Cohesion_c,Angle_of_Friction_phi,Unit_Weight_gamma,Depth_of_Foundation_Df,Width_B,Factor_of_Safety,Nc,Nq,N_gamma,Ultimate_Bearing_Capacity_qu,Safe_Bearing_Capacity_qs
Alluvial,Combined,18.67,20,17.85,2.07,1.48,3.0,14.83,6.4,5.39,584.55,194.85
Clayey Loam,Isolated(Circular),23.03,20,18.86,1.97,1.09,3.0,14.83,6.4,5.39,634.72,211.57
Alluvial,Combined,20.1,20,17.86,0.97,1.12,3.0,14.83,6.4,5.39,462.87,154.29
Silty Clay Loam,Combined,24.73,25,18.56,0.99,1.45,2.5,20.72,10.66,10.88,854.68,341.87
Silty Clay Loam,Combined,12.56,30,17.97,1.09,1.23,3.0,30.14,18.4,22.4,986.52,328.84
Silty Clay Loam,Isolated (Square),20.94,30,17.14,2.02,1.78,3.0,30.14,18.4,22.4,1609.89,536.63
Clayey Loam,Isolated(Rectangular),13.56,30,18.35,1.23,2.8,3.0,30.14,18.4,22.4,1399.45,466.48
Clayey Loam,Combined,23.64,30,17.56,1.42,1.94,3.0,30.14,18.4,22.4,1552.86,517.62
Silty Clay Loam,Combined,15.81,20,17.49,2.31,1.55,2.5,14.83,6.4,5.39,566.09,226.44
Alluvial,Isolated(Rectangular),28.94,20,17.02,2.32,2.48,3.0,14.83,6.4,5.39,795.65,265.22
Clayey Loam,Isolated (Square),20.95,25,17.95,0.91,2.97,2.5,20.72,10.66,10.88,898.22,359.29
Alluvial,Isolated (Square),15.64,30,18.44,2.47,2.65,3.0,30.14,18.4,22.4,1856.75,618.92
Clayey Loam,Isolated (Square),29.41,20,18.04,1.55,1.66,2.5,14.83,6.4,5.39,695.81,278.32
Clayey Loam,Isolated (Square),28.46,30,17.97,2.44,2.63,2.5,30.14,18.4,22.4,2193.89,877.56
Clayey Loam,Combined,29.43,30,18.46,2.16,2.51,3.0,30.14,18.4,22.4,2139.64,713.21
Alluvial,Strip,10.98,20,17.6,1.79,1.47,2.5,14.83,6.4,5.39,434.18,173.67
Clayey Loam,Combined,21.29,30,17.88,1.75,1.24,3.0,30.14,18.4,22.4,1465.73,488.58
Silty Clay Loam,Isolated (Square),10.33,30,17.36,1.14,2.78,3.0,30.14,18.4,22.4,1216.01,405.34
Silty Clay Loam,Isolated(Rectangular),11.44,25,18.98,1.09,1.47,3.0,20.72,10.66,10.88,609.35,203.12
Alluvial,Combined,24.84,25,18.35,1.2,2.61,3.0,20.72,10.66,10.88,1009.96,336.65
Clayey Loam,Isolated(Rectangular),15.65,25,18.26,2.24,2.16,3.0,20.72,10.66,10.88,974.85,324.95
Clayey Loam,Isolated(Circular),19.91,20,17.32,1.58,1.16,3.0,14.83,6.4,5.39,524.55,174.85
Clayey Loam,Isolated(Rectangular),17.73,20,17.07,1.91,1.13,2.5,14.83,6.4,5.39,523.58,209.43
Alluvial,Strip,26.57,30,17.15,2.17,2.3,3.0,30.14,18.4,22.4,1927.37,642.46
Clayey Loam,Strip,19.16,20,17.28,1.75,1.39,3.0,14.83,6.4,5.39,542.41,180.8
Silty Clay Loam,Isolated(Circular),20.82,25,17.05,1.83,1.55,3.0,20.72,10.66,10.88,907.76,302.59
Alluvial,Isolated(Circular),17.14,20,18.47,1.23,1.03,3.0,14.83,6.4,5.39,450.85,150.28
Silty Clay Loam,Isolated(Rectangular),11.3,25,18.6,1.33,1.8,2.5,20.72,10.66,10.88,679.97,271.99
Alluvial,Combined,22.59,20,17.1,2.48,2.44,3.0,14.83,6.4,5.39,718.87,239.62
Silty Clay Loam,Combined,13.11,25,17.95,2.48,2.97,2.5,20.72,10.66,10.88,1036.19,414.48
Silty Clay Loam,Isolated (Square),15.96,30,17.63,1.17,1.2,3.0,30.14,18.4,22.4,1097.52,365.84
Clayey Loam,Isolated (Square),28.58,20,17.82,2.1,2.36,3.0,14.83,6.4,5.39,776.68,258.89
Clayey Loam,Isolated (Square),21.17,20,18.72,1.84,1.21,3.0,14.83,6.4,5.39,595.44,198.48
Silty Clay Loam,Isolated (Square),15.95,25,18.03,2.19,1.51,3.0,20.72,10.66,10.88,899.51,299.84
Clayey Loam,Isolated(Circular),11.1,25,17.39,2.16,2.83,3.0,20.72,10.66,10.88,898.13,299.38
Silty Clay Loam,Isolated(Circular),22.15,20,17.93,1.75,2.43,3.0,14.83,6.4,5.39,646.72,215.57
Silty Clay Loam,Isolated (Square),12.05,30,18.06,1.2,2.74,3.0,30.14,18.4,22.4,1316.18,438.73
Clayey Loam,Strip,11.12,30,17.08,2.13,2.85,3.0,30.14,18.4,22.4,1549.75,516.58
Alluvial,Isolated (Square),27.62,25,17.37,2.0,1.47,2.5,20.72,10.66,10.88,1081.52,432.61
Silty Clay Loam,Combined,29.55,30,18.14,0.98,1.79,2.5,30.14,18.4,22.4,1581.41,632.56
Silty Clay Loam,Strip,14.51,20,17.02,0.99,2.8,3.0,14.83,6.4,5.39,451.45,150.48
Clayey Loam,Isolated(Rectangular),10.4,25,17.54,1.33,2.76,3.0,20.72,10.66,10.88,727.52,242.51
Silty Clay Loam,Isolated(Circular),22.39,20,18.19,1.85,1.97,3.0,14.83,6.4,5.39,643.99,214.66
Silty Clay Loam,Isolated (Square),13.39,30,18.06,1.73,1.57,3.0,30.14,18.4,22.4,1296.03,432.01
Alluvial,Isolated (Square),27.96,20,18.37,1.5,2.19,2.5,14.83,6.4,5.39,699.42,279.77
Silty Clay Loam,Strip,15.88,25,18.34,1.32,2.65,2.5,20.72,10.66,10.88,851.49,340.6
Silty Clay Loam,Combined,28.13,20,18.73,2.17,1.2,3.0,14.83,6.4,5.39,737.86,245.95
Clayey Loam,Strip,18.52,30,17.03,2.47,2.72,2.5,30.14,18.4,22.4,1850.97,740.39
Silty Clay Loam,Isolated (Square),10.98,30,17.94,2.16,1.68,2.5,30.14,18.4,22.4,1381.5,552.6
Silty Clay Loam,Isolated (Square),11.41,30,17.34,2.15,1.74,2.5,30.14,18.4,22.4,1367.79,547.12
Silty Clay Loam,Combined,14.93,25,17.09,1.22,1.32,3.0,20.72,10.66,10.88,654.33,218.11
Clayey Loam,Isolated (Square),23.69,30,18.13,1.16,1.79,2.5,30.14,18.4,22.4,1464.45,585.78
Alluvial,Isolated (Square),27.84,25,17.86,0.86,2.55,3.0,20.72,10.66,10.88,988.33,329.44
Silty Clay Loam,Isolated (Square),22.95,25,17.74,1.58,2.94,2.5,20.72,10.66,10.88,1058.04,423.22
Alluvial,Isolated (Square),20.31,20,18.13,1.11,1.55,3.0,14.83,6.4,5.39,505.73,168.58
Clayey Loam,Combined,22.37,25,17.92,1.84,1.88,2.5,20.72,10.66,10.88,998.27,399.31
Alluvial,Isolated (Square),19.4,30,17.06,1.66,2.37,2.5,30.14,18.4,22.4,1558.64,623.46
Silty Clay Loam,Isolated(Rectangular),28.14,30,17.08,2.09,2.17,3.0,30.14,18.4,22.4,1920.08,640.03
Alluvial,Combined,15.12,25,17.59,2.31,1.13,2.5,20.72,10.66,10.88,854.56,341.82
Silty Clay Loam,Strip,17.33,25,18.37,1.86,2.47,3.0,20.72,10.66,10.88,970.14,323.38
Clayey Loam,Strip,16.39,30,17.57,2.49,2.3,3.0,30.14,18.4,22.4,1751.58,583.86
Alluvial,Isolated(Rectangular),28.93,25,17.35,1.4,2.73,2.5,20.72,10.66,10.88,1116.03,446.41
Clayey Loam,Isolated(Rectangular),22.99,25,18.36,1.63,1.32,3.0,20.72,10.66,10.88,927.21,309.07
Silty Clay Loam,Strip,13.12,20,17.77,2.16,2.86,3.0,14.83,6.4,5.39,577.19,192.4
Alluvial,Isolated (Square),23.33,25,18.16,1.61,2.46,3.0,20.72,10.66,10.88,1038.09,346.03
Clayey Loam,Strip,16.11,20,17.35,1.1,2.92,2.5,14.83,6.4,5.39,497.59,199.04
Silty Clay Loam,Isolated (Square),28.64,30,17.28,2.42,1.02,2.5,30.14,18.4,22.4,1830.06,732.02
Alluvial,Isolated (Square),26.13,30,18.69,1.33,1.21,3.0,30.14,18.4,22.4,1498.23,499.41
Silty Clay Loam,Isolated(Circular),17.21,30,18.43,1.06,1.1,2.5,30.14,18.4,22.4,1105.23,442.09
Clayey Loam,Strip,15.03,20,18.83,2.39,1.93,2.5,14.83,6.4,5.39,608.86,243.54
Clayey Loam,Combined,18.12,30,18.12,2.24,2.71,3.0,30.14,18.4,22.4,1842.95,614.32
Alluvial,Strip,11.46,20,18.13,1.85,2.61,3.0,14.83,6.4,5.39,512.14,170.71
Clayey Loam,Strip,16.57,20,18.93,1.57,2.59,3.0,14.83,6.4,5.39,568.07,189.36
Clayey Loam,Strip,19.35,30,17.59,1.83,3.0,3.0,30.14,18.4,22.4,1766.52,588.84
Alluvial,Isolated(Rectangular),23.18,30,18.32,1.52,1.97,2.5,30.14,18.4,22.4,1615.23,646.09
Silty Clay Loam,Combined,28.49,20,17.57,0.92,2.92,3.0,14.83,6.4,5.39,664.22,221.41
Clayey Loam,Isolated (Square),25.05,20,17.34,1.35,2.29,3.0,14.83,6.4,5.39,628.32,209.44
Clayey Loam,Isolated (Square),10.76,25,18.27,2.02,2.17,3.0,20.72,10.66,10.88,832.03,277.34
Silty Clay Loam,Strip,20.47,20,18.72,1.78,1.62,2.5,14.83,6.4,5.39,598.56,239.42
Clayey Loam,Strip,28.24,20,18.13,2.08,1.73,2.5,14.83,6.4,5.39,744.67,297.87
Alluvial,Isolated(Rectangular),28.04,30,17.8,1.8,1.58,2.5,30.14,18.4,22.4,1749.65,699.86
Alluvial,Isolated(Rectangular),26.78,30,18.75,1.12,2.56,3.0,30.14,18.4,22.4,1731.15,577.05
Clayey Loam,Strip,20.38,30,18.97,1.8,2.14,3.0,30.14,18.4,22.4,1697.21,565.74
Clayey Loam,Strip,27.8,25,18.95,1.47,1.89,2.5,20.72,10.66,10.88,1067.8,427.12
Alluvial,Isolated (Square),18.87,25,18.04,1.49,1.33,3.0,20.72,10.66,10.88,808.05,269.35
Clayey Loam,Isolated(Rectangular),26.56,20,18.03,1.09,1.36,2.5,14.83,6.4,5.39,585.75,234.3
Alluvial,Isolated (Square),20.09,30,17.27,2.09,2.21,3.0,30.14,18.4,22.4,1697.11,565.7
Alluvial,Isolated(Rectangular),22.59,25,18.55,1.08,2.49,3.0,20.72,10.66,10.88,932.9,310.97
Alluvial,Isolated (Square),29.81,25,18.1,1.72,1.02,2.5,20.72,10.66,10.88,1049.96,419.98
Alluvial,Strip,14.68,30,17.31,1.36,2.26,3.0,30.14,18.4,22.4,1313.77,437.92
Silty Clay Loam,Isolated(Circular),17.01,30,17.92,2.16,1.51,3.0,30.14,18.4,22.4,1527.96,509.32
Clayey Loam,Isolated(Circular),27.15,20,18.35,1.5,1.98,2.5,14.83,6.4,5.39,676.71,270.68
Silty Clay Loam,Strip,26.04,25,17.05,2.42,1.23,3.0,20.72,10.66,10.88,1093.48,364.49
Silty Clay Loam,Combined,23.56,25,17.48,0.91,2.11,3.0,20.72,10.66,10.88,858.37,286.12
Silty Clay Loam,Isolated(Rectangular),25.34,25,18.21,1.63,2.9,3.0,20.72,10.66,10.88,1128.74,376.25
Clayey Loam,Combined,13.18,30,17.81,1.28,2.69,2.5,30.14,18.4,22.4,1353.29,541.32
Alluvial,Strip,17.86,30,18.72,1.81,2.08,2.5,30.14,18.4,22.4,1597.85,639.14
Silty Clay Loam,Isolated(Rectangular),29.8,30,17.34,1.38,1.0,2.5,30.14,18.4,22.4,1532.68,613.07
Alluvial,Isolated(Circular),16.86,30,17.42,1.79,2.94,3.0,30.14,18.4,22.4,1655.51,551.84
Alluvial,Combined,22.87,30,18.67,2.47,1.74,2.5,30.14,18.4,22.4,1901.66,760.66
Clayey Loam,Strip,14.78,30,18.79,1.97,1.7,2.5,30.14,18.4,22.4,1484.33,593.73
Silty Clay Loam,Isolated (Square),11.24,30,17.02,2.21,2.9,2.5,30.14,18.4,22.4,1583.68,633.47
Alluvial,Isolated(Circular),13.51,20,18.6,0.8,2.46,3.0,14.83,6.4,5.39,418.9,139.63
Silty Clay Loam,Isolated(Circular),13.46,30,18.5,2.4,2.17,3.0,30.14,18.4,22.4,1672.27,557.42
Silty Clay Loam,Combined,29.9,20,18.93,0.89,1.28,3.0,14.83,6.4,5.39,616.54,205.51
Silty Clay Loam,Isolated(Rectangular),12.42,30,18.82,1.56,1.85,2.5,30.14,18.4,22.4,1304.5,521.8
Clayey Loam,Strip,19.88,30,17.91,1.17,2.08,3.0,30.14,18.4,22.4,1401.98,467.33
Clayey Loam,Combined,26.61,25,17.38,1.75,1.41,2.5,20.72,10.66,10.88,1008.89,403.56
Alluvial,Isolated (Square),14.06,30,18.33,1.38,1.86,2.5,30.14,18.4,22.4,1271.05,508.42
Alluvial,Combined,18.44,20,18.94,0.91,1.16,3.0,14.83,6.4,5.39,442.98,147.66
Silty Clay Loam,Strip,28.26,20,17.21,1.47,1.01,3.0,14.83,6.4,5.39,627.85,209.28
Alluvial,Strip,17.4,30,18.16,1.59,2.28,2.5,30.14,18.4,22.4,1519.46,607.78
Clayey Loam,Combined,28.61,25,18.62,1.59,2.98,2.5,20.72,10.66,10.88,1210.25,484.1
Silty Clay Loam,Isolated (Square),10.89,20,18.92,1.93,1.04,2.5,14.83,6.4,5.39,448.23,179.29
Silty Clay Loam,Strip,24.74,20,18.66,1.84,1.83,2.5,14.83,6.4,5.39,678.66,271.46
Clayey Loam,Isolated (Square),20.43,20,18.44,2.14,2.49,3.0,14.83,6.4,5.39,679.27,226.42
Silty Clay Loam,Isolated(Circular),18.06,25,17.55,1.27,2.05,2.5,20.72,10.66,10.88,807.52,323.01
Alluvial,Isolated (Square),15.2,30,18.14,2.08,2.22,2.5,30.14,18.4,22.4,1603.42,641.37
Silty Clay Loam,Combined,15.02,25,17.05,2.46,2.57,3.0,20.72,10.66,10.88,996.7,332.23
Alluvial,Isolated (Square),29.89,25,17.17,2.03,2.12,2.5,20.72,10.66,10.88,1188.89,475.56
Silty Clay Loam,Isolated(Rectangular),22.44,20,17.49,1.2,1.55,2.5,14.83,6.4,5.39,540.17,216.07
Clayey Loam,Isolated(Circular),15.37,25,17.08,0.83,2.58,3.0,20.72,10.66,10.88,709.31,236.44
Clayey Loam,Isolated(Rectangular),20.39,25,18.38,1.86,2.55,2.5,20.72,10.66,10.88,1041.88,416.75
Alluvial,Combined,13.63,20,18.29,1.91,2.49,2.5,14.83,6.4,5.39,548.45,219.38
Silty Clay Loam,Isolated(Circular),10.5,20,18.95,1.02,1.27,2.5,14.83,6.4,5.39,344.28,137.71
Alluvial,Isolated(Rectangular),25.21,30,17.55,2.05,1.43,3.0,30.14,18.4,22.4,1702.9,567.63
Alluvial,Strip,25.29,25,17.47,1.82,2.67,3.0,20.72,10.66,10.88,1116.7,372.23
Silty Clay Loam,Isolated(Circular),23.6,20,18.79,1.39,1.35,3.0,14.83,6.4,5.39,585.51,195.17
Silty Clay Loam,Isolated (Square),18.15,30,18.26,2.43,2.45,3.0,30.14,18.4,22.4,1864.54,621.51
Alluvial,Isolated(Circular),25.77,25,18.34,1.13,2.11,2.5,20.72,10.66,10.88,965.39,386.16
Silty Clay Loam,Isolated (Square),23.14,25,18.89,2.35,1.47,2.5,20.72,10.66,10.88,1103.73,441.49
Silty Clay Loam,Isolated (Square),16.69,30,17.06,1.2,2.22,2.5,30.14,18.4,22.4,1303.9,521.56
Silty Clay Loam,Isolated(Rectangular),25.58,20,17.23,2.24,2.74,3.0,14.83,6.4,5.39,753.59,251.2
Alluvial,Isolated(Circular),26.33,20,17.87,1.89,1.5,2.5,14.83,6.4,5.39,678.87,271.55
Alluvial,Strip,21.62,25,17.38,2.3,1.96,2.5,20.72,10.66,10.88,1059.4,423.76
Alluvial,Isolated(Circular),13.63,30,18.89,2.15,1.04,2.5,30.14,18.4,22.4,1378.13,551.25
Clayey Loam,Strip,19.15,25,18.13,2.3,1.83,3.0,20.72,10.66,10.88,1021.79,340.6
Silty Clay Loam,Isolated(Circular),29.71,20,17.64,1.93,2.67,3.0,14.83,6.4,5.39,785.42,261.81
Alluvial,Isolated(Circular),26.44,30,18.04,2.01,2.96,3.0,30.14,18.4,22.4,2062.16,687.39
Silty Clay Loam,Strip,27.29,30,17.25,0.85,1.23,3.0,30.14,18.4,22.4,1329.95,443.32
Silty Clay Loam,Isolated (Square),16.0,25,17.9,1.27,1.39,3.0,20.72,10.66,10.88,709.21,236.4
Alluvial,Isolated(Circular),21.34,25,17.32,1.72,1.51,2.5,20.72,10.66,10.88,902.0,360.8
Clayey Loam,Isolated (Square),24.64,30,18.33,2.38,2.42,3.0,30.14,18.4,22.4,2042.17,680.72
Silty Clay Loam,Isolated(Rectangular),24.22,25,18.37,1.32,2.14,3.0,20.72,10.66,10.88,974.18,324.73
Clayey Loam,Isolated(Circular),13.43,30,18.64,0.97,2.47,2.5,30.14,18.4,22.4,1253.12,501.25
Silty Clay Loam,Strip,15.81,20,18.72,2.1,2.9,3.0,14.83,6.4,5.39,632.37,210.79
Alluvial,Isolated (Square),12.77,25,18.66,1.03,2.37,2.5,20.72,10.66,10.88,710.06,284.02
Silty Clay Loam,Strip,26.23,30,18.25,0.8,2.39,2.5,30.14,18.4,22.4,1547.73,619.09
Alluvial,Combined,28.06,30,17.12,0.92,2.8,3.0,30.14,18.4,22.4,1672.42,557.47
Alluvial,Isolated(Circular),25.71,25,17.42,2.06,1.06,3.0,20.72,10.66,10.88,1015.7,338.57
Alluvial,Isolated(Rectangular),10.2,25,17.02,1.9,1.5,2.5,20.72,10.66,10.88,694.95,277.98
Alluvial,Strip,26.82,20,18.7,2.27,2.48,3.0,14.83,6.4,5.39,794.4,264.8
Silty Clay Loam,Isolated(Circular),19.93,25,18.49,2.36,1.59,3.0,20.72,10.66,10.88,1038.04,346.01
Clayey Loam,Strip,15.36,20,17.8,1.02,2.52,3.0,14.83,6.4,5.39,464.87,154.96
Silty Clay Loam,Isolated(Circular),21.48,20,18.85,1.79,1.86,3.0,14.83,6.4,5.39,628.98,209.66
Silty Clay Loam,Strip,20.78,25,17.89,2.14,2.28,2.5,20.72,10.66,10.88,1060.57,424.23
Silty Clay Loam,Isolated(Rectangular),10.63,25,17.24,1.02,2.9,3.0,20.72,10.66,10.88,679.69,226.56
Clayey Loam,Strip,20.62,20,17.16,1.28,2.93,3.0,14.83,6.4,5.39,581.87,193.96
Alluvial,Isolated(Circular),22.71,30,17.04,1.89,2.57,3.0,30.14,18.4,22.4,1767.54,589.18
Silty Clay Loam,Strip,22.49,25,17.49,1.4,1.16,3.0,20.72,10.66,10.88,837.38,279.13
Alluvial,Strip,23.43,30,17.46,0.96,1.69,3.0,30.14,18.4,22.4,1345.08,448.36
Clayey Loam,Combined,28.79,25,17.38,2.27,2.49,3.0,20.72,10.66,10.88,1252.52,417.51
Alluvial,Isolated (Square),28.57,30,18.57,1.88,2.44,2.5,30.14,18.4,22.4,2010.95,804.38
Alluvial,Isolated(Circular),25.17,30,18.39,1.2,1.35,3.0,30.14,18.4,22.4,1442.73,480.91
Clayey Loam,Isolated (Square),25.55,20,17.35,1.75,2.99,3.0,14.83,6.4,5.39,713.03,237.68
Alluvial,Combined,15.41,25,18.77,2.41,1.88,3.0,20.72,10.66,10.88,993.47,331.16
Alluvial,Isolated(Rectangular),18.89,30,18.96,2.21,2.55,3.0,30.14,18.4,22.4,1881.83,627.28
Silty Clay Loam,Isolated(Rectangular),25.85,25,17.85,2.14,2.44,3.0,20.72,10.66,10.88,1179.75,393.25
Silty Clay Loam,Combined,21.94,25,17.68,1.07,2.09,2.5,20.72,10.66,10.88,857.27,342.91
Clayey Loam,Isolated(Rectangular),19.96,20,17.14,1.18,1.99,3.0,14.83,6.4,5.39,517.37,172.46
Clayey Loam,Isolated(Circular),11.59,30,17.78,1.84,2.07,3.0,30.14,18.4,22.4,1363.49,454.5
Alluvial,Combined,16.12,25,18.79,1.45,1.63,3.0,20.72,10.66,10.88,791.06,263.69
Silty Clay Loam,Strip,28.02,25,18.6,1.47,1.26,3.0,20.72,10.66,10.88,999.53,333.18
Silty Clay Loam,Combined,10.07,30,18.5,1.99,2.41,2.5,30.14,18.4,22.4,1480.26,592.1
Clayey Loam,Strip,22.58,25,17.39,1.99,2.04,2.5,20.72,10.66,10.88,1029.75,411.9
Silty Clay Loam,Isolated(Circular),11.86,25,18.85,2.02,1.02,2.5,20.72,10.66,10.88,756.23,302.49
Clayey Loam,Strip,23.13,30,17.7,1.66,1.78,3.0,30.14,18.4,22.4,1590.63,530.21
Silty Clay Loam,Isolated(Rectangular),27.05,25,17.73,1.76,1.38,3.0,20.72,10.66,10.88,1026.22,342.07
Clayey Loam,Isolated(Circular),29.07,25,18.72,1.34,1.04,3.0,20.72,10.66,10.88,975.64,325.21
Clayey Loam,Combined,10.61,25,17.33,1.44,2.74,2.5,20.72,10.66,10.88,744.18,297.67
Silty Clay Loam,Isolated(Rectangular),21.15,30,17.84,2.38,1.34,3.0,30.14,18.4,22.4,1686.45,562.15
Clayey Loam,Isolated(Rectangular),25.52,25,17.74,2.47,1.89,3.0,20.72,10.66,10.88,1178.27,392.76
Silty Clay Loam,Strip,21.13,30,17.94,2.22,2.69,2.5,30.14,18.4,22.4,1910.17,764.07
Clayey Loam,Isolated(Circular),20.0,30,18.49,2.12,2.12,2.5,30.14,18.4,22.4,1763.08,705.23
Clayey Loam,Strip,27.33,25,17.65,1.56,1.68,2.5,20.72,10.66,10.88,1021.1,408.44
Alluvial,Isolated(Rectangular),16.67,30,18.47,2.05,1.29,2.5,30.14,18.4,22.4,1465.98,586.39
Clayey Loam,Isolated(Rectangular),18.18,30,17.31,2.1,1.34,3.0,30.14,18.4,22.4,1476.59,492.2
Clayey Loam,Isolated (Square),28.4,30,18.23,1.72,2.15,2.5,30.14,18.4,22.4,1871.9,748.76
Alluvial,Isolated(Circular),12.88,20,18.29,2.18,1.45,2.5,14.83,6.4,5.39,517.67,207.07
Clayey Loam,Combined,21.48,25,18.53,2.2,2.21,2.5,20.72,10.66,10.88,1102.41,440.96
Alluvial,Isolated (Square),16.93,25,17.62,1.4,1.73,3.0,20.72,10.66,10.88,779.58,259.86
Clayey Loam,Isolated(Rectangular),28.87,30,17.54,1.34,1.89,2.5,30.14,18.4,22.4,1673.89,669.56
Silty Clay Loam,Strip,26.16,30,17.95,1.67,2.68,3.0,30.14,18.4,22.4,1878.82,626.27
Silty Clay Loam,Isolated (Square),27.48,30,17.46,1.78,2.4,2.5,30.14,18.4,22.4,1869.42,747.77
Alluvial,Isolated(Circular),27.83,20,17.78,2.1,1.65,2.5,14.83,6.4,5.39,730.75,292.3
Silty Clay Loam,Isolated(Circular),11.99,25,17.98,1.12,2.23,3.0,20.72,10.66,10.88,681.22,227.07
Silty Clay Loam,Combined,17.02,25,17.86,1.64,2.77,3.0,20.72,10.66,10.88,934.02,311.34
Silty Clay Loam,Isolated(Rectangular),28.34,25,17.85,1.06,2.42,2.5,20.72,10.66,10.88,1023.89,409.56
Silty Clay Loam,Isolated (Square),18.78,20,17.91,2.14,2.23,3.0,14.83,6.4,5.39,631.44,210.48
Clayey Loam,Isolated (Square),27.79,30,18.99,2.33,2.79,2.5,30.14,18.4,22.4,2245.13,898.05
Alluvial,Combined,20.76,30,18.13,1.63,2.2,3.0,30.14,18.4,22.4,1616.18,538.73
Alluvial,Isolated (Square),25.91,25,17.66,1.46,1.97,3.0,20.72,10.66,10.88,1000.97,333.66
Silty Clay Loam,Combined,17.03,25,17.75,1.62,1.62,3.0,20.72,10.66,10.88,815.82,271.94
Silty Clay Loam,Strip,25.19,25,17.73,1.73,1.26,3.0,20.72,10.66,10.88,970.44,323.48
Alluvial,Isolated(Circular),28.25,30,18.18,1.63,1.35,2.5,30.14,18.4,22.4,1671.59,668.64
Clayey Loam,Isolated (Square),11.65,25,18.02,1.23,1.08,2.5,20.72,10.66,10.88,583.53,233.41
Silty Clay Loam,Strip,29.91,25,17.21,2.35,2.43,2.5,20.72,10.66,10.88,1278.37,511.35
Alluvial,Isolated(Circular),10.25,30,18.44,1.31,2.8,3.0,30.14,18.4,22.4,1331.69,443.9
Alluvial,Isolated(Circular),19.41,25,17.24,0.85,2.91,3.0,20.72,10.66,10.88,831.3,277.1
Alluvial,Combined,24.3,20,18.02,0.86,1.33,3.0,14.83,6.4,5.39,524.14,174.71
Alluvial,Combined,20.02,30,18.99,0.84,2.87,3.0,30.14,18.4,22.4,1507.33,502.44
Clayey Loam,Isolated(Rectangular),16.51,30,18.48,0.95,1.1,2.5,30.14,18.4,22.4,1048.32,419.33
Clayey Loam,Isolated(Circular),28.09,20,18.67,1.53,1.63,3.0,14.83,6.4,5.39,681.41,227.14
Alluvial,Combined,17.03,30,17.25,1.16,1.53,2.5,30.14,18.4,22.4,1177.06,470.82
Alluvial,Isolated(Circular),15.94,25,19.0,1.29,1.8,3.0,20.72,10.66,10.88,777.6,259.2
Clayey Loam,Strip,13.78,20,18.2,1.27,2.43,3.0,14.83,6.4,5.39,471.48,157.16
Silty Clay Loam,Combined,26.77,25,18.74,1.09,2.85,2.5,20.72,10.66,10.88,1062.97,425.19
Alluvial,Isolated(Circular),20.49,20,18.38,2.23,1.88,2.5,14.83,6.4,5.39,659.31,263.72
Clayey Loam,Isolated(Rectangular),17.02,30,17.18,1.7,2.6,3.0,30.14,18.4,22.4,1550.65,516.88
Silty Clay Loam,Isolated (Square),19.46,20,17.07,1.49,2.5,2.5,14.83,6.4,5.39,566.38,226.55
Alluvial,Isolated (Square),13.61,25,17.78,1.93,2.64,3.0,20.72,10.66,10.88,903.15,301.05
Silty Clay Loam,Isolated(Circular),13.72,30,18.58,2.26,2.22,3.0,30.14,18.4,22.4,1648.12,549.37
Silty Clay Loam,Isolated(Rectangular),27.91,20,18.99,1.23,1.35,3.0,14.83,6.4,5.39,632.48,210.83
Clayey Loam,Isolated (Square),28.69,20,17.59,1.03,1.89,3.0,14.83,6.4,5.39,631.02,210.34
Alluvial,Isolated(Rectangular),10.97,30,17.48,0.85,2.76,3.0,30.14,18.4,22.4,1144.36,381.45
Silty Clay Loam,Combined,13.71,30,18.19,0.89,2.38,2.5,30.14,18.4,22.4,1195.97,478.39
Alluvial,Isolated(Rectangular),12.93,20,17.29,1.41,2.3,2.5,14.83,6.4,5.39,454.95,181.98
Alluvial,Strip,16.29,20,17.54,1.88,2.91,2.5,14.83,6.4,5.39,590.18,236.07
Silty Clay Loam,Isolated (Square),14.17,30,18.17,1.42,1.25,3.0,30.14,18.4,22.4,1156.21,385.4
Clayey Loam,Isolated(Circular),14.54,30,18.36,1.95,2.08,2.5,30.14,18.4,22.4,1524.71,609.88
Alluvial,Strip,12.33,20,18.7,1.79,2.05,3.0,14.83,6.4,5.39,500.39,166.8
Clayey Loam,Strip,15.66,20,17.37,1.2,2.72,3.0,14.83,6.4,5.39,492.97,164.32
Alluvial,Combined,21.49,30,18.56,1.66,1.31,3.0,30.14,18.4,22.4,1486.92,495.64
Alluvial,Strip,20.41,25,17.75,1.01,1.96,3.0,20.72,10.66,10.88,803.26,267.75
Clayey Loam,Isolated (Square),18.1,20,18.48,2.38,2.7,3.0,14.83,6.4,5.39,684.38,228.13
Clayey Loam,Strip,19.23,30,17.43,1.84,1.62,2.5,30.14,18.4,22.4,1485.95,594.38
Clayey Loam,Strip,21.91,25,17.92,2.49,1.49,3.0,20.72,10.66,10.88,1074.89,358.3
Silty Clay Loam,Combined,10.03,20,17.92,2.33,1.41,3.0,14.83,6.4,5.39,484.06,161.35
Alluvial,Combined,24.86,25,18.89,1.53,2.38,3.0,20.72,10.66,10.88,1067.76,355.92
Alluvial,Isolated (Square),10.07,25,18.31,2.0,2.69,3.0,20.72,10.66,10.88,866.96,288.99
Silty Clay Loam,Combined,17.75,30,17.54,2.44,2.1,3.0,30.14,18.4,22.4,1735.0,578.33
Alluvial,Isolated(Circular),16.84,30,17.84,1.12,2.72,3.0,30.14,18.4,22.4,1418.68,472.89
Silty Clay Loam,Isolated (Square),17.95,25,18.83,1.59,1.25,2.5,20.72,10.66,10.88,819.13,327.65
Silty Clay Loam,Isolated(Rectangular),16.17,25,17.4,1.92,2.74,2.5,20.72,10.66,10.88,950.53,380.21
Silty Clay Loam,Strip,26.62,30,18.56,2.35,1.45,2.5,30.14,18.4,22.4,1906.28,762.51
Silty Clay Loam,Isolated (Square),18.93,20,17.53,1.74,2.28,2.5,14.83,6.4,5.39,583.66,233.46
Clayey Loam,Isolated(Circular),13.41,20,18.93,2.06,2.33,2.5,14.83,6.4,5.39,567.31,226.92
Clayey Loam,Isolated (Square),13.69,25,17.1,1.9,2.39,3.0,20.72,10.66,10.88,852.33,284.11
Alluvial,Isolated (Square),10.33,20,18.7,2.08,2.98,2.5,14.83,6.4,5.39,552.31,220.92
Silty Clay Loam,Strip,19.82,20,17.16,2.09,2.45,2.5,14.83,6.4,5.39,636.77,254.71
Alluvial,Combined,14.64,20,17.34,1.09,2.16,3.0,14.83,6.4,5.39,439.01,146.34
Alluvial,Isolated (Square),14.58,30,18.13,1.0,2.53,3.0,30.14,18.4,22.4,1286.76,428.92
Clayey Loam,Isolated(Rectangular),26.54,30,18.14,1.25,1.76,3.0,30.14,18.4,22.4,1574.71,524.9
Alluvial,Isolated(Rectangular),29.57,25,18.53,1.5,1.62,3.0,20.72,10.66,10.88,1072.29,357.43
Alluvial,Isolated(Rectangular),19.84,20,18.75,1.65,1.64,2.5,14.83,6.4,5.39,575.1,230.04
Alluvial,Combined,21.65,25,17.04,1.74,1.78,3.0,20.72,10.66,10.88,929.65,309.88
Silty Clay Loam,Isolated(Circular),29.86,30,17.59,0.84,2.92,3.0,30.14,18.4,22.4,1747.11,582.37
Clayey Loam,Combined,28.91,20,17.83,0.95,2.27,3.0,14.83,6.4,5.39,646.22,215.41
Clayey Loam,Isolated (Square),16.03,20,17.28,1.01,2.49,3.0,14.83,6.4,5.39,465.38,155.13
Alluvial,Isolated (Square),11.01,20,18.52,2.26,2.58,3.0,14.83,6.4,5.39,559.92,186.64
Clayey Loam,Combined,20.35,25,17.91,2.02,2.09,2.5,20.72,10.66,10.88,1010.94,404.38
Clayey Loam,Isolated (Square),18.16,25,18.96,1.14,1.9,2.5,20.72,10.66,10.88,802.66,321.06
Clayey Loam,Strip,26.25,20,17.35,1.37,2.25,3.0,14.83,6.4,5.39,646.62,215.54
Clayey Loam,Combined,17.03,30,17.45,1.01,1.66,3.0,30.14,18.4,22.4,1162.01,387.34
Alluvial,Combined,25.65,20,18.44,1.14,2.77,3.0,14.83,6.4,5.39,652.59,217.53
Silty Clay Loam,Strip,28.27,30,17.07,0.87,2.08,2.5,30.14,18.4,22.4,1522.98,609.19
Silty Clay Loam,Combined,16.14,25,17.68,2.34,2.26,3.0,20.72,10.66,10.88,992.8,330.93
Clayey Loam,Isolated(Circular),14.96,20,18.47,1.42,1.7,2.5,14.83,6.4,5.39,474.33,189.73
Clayey Loam,Strip,17.57,25,17.65,2.17,1.26,2.5,20.72,10.66,10.88,893.31,357.32
Silty Clay Loam,Isolated (Square),27.42,25,18.63,1.88,1.99,2.5,20.72,10.66,10.88,1143.18,457.27
Alluvial,Isolated (Square),14.54,20,18.77,2.44,1.95,3.0,14.83,6.4,5.39,607.38,202.46
Alluvial,Isolated(Rectangular),20.9,25,18.36,1.21,1.03,3.0,20.72,10.66,10.88,772.74,257.58
Alluvial,Isolated(Circular),10.72,20,18.89,1.21,2.41,3.0,14.83,6.4,5.39,427.95,142.65
Alluvial,Combined,16.42,20,18.87,2.05,2.61,2.5,14.83,6.4,5.39,623.81,249.52
Silty Clay Loam,Strip,14.9,20,18.96,1.37,1.17,2.5,14.83,6.4,5.39,446.99,178.8
Clayey Loam,Strip,12.5,30,17.14,1.75,1.34,2.5,30.14,18.4,22.4,1185.9,474.36
Silty Clay Loam,Isolated(Rectangular),28.35,20,18.76,2.33,1.32,2.5,14.83,6.4,5.39,766.92,306.77
Alluvial,Isolated(Rectangular),29.45,20,17.58,2.26,2.72,3.0,14.83,6.4,5.39,819.89,273.3
Silty Clay Loam,Isolated(Circular),14.67,20,17.12,1.5,2.75,3.0,14.83,6.4,5.39,508.79,169.6
Alluvial,Combined,22.19,30,17.39,1.36,1.66,3.0,30.14,18.4,22.4,1427.29,475.76
Silty Clay Loam,Isolated(Circular),15.98,30,18.63,2.46,1.38,2.5,30.14,18.4,22.4,1612.85,645.14
Silty Clay Loam,Combined,22.33,20,17.65,1.63,1.02,3.0,14.83,6.4,5.39,563.8,187.93
Alluvial,Isolated(Rectangular),23.71,20,17.75,1.45,2.72,3.0,14.83,6.4,5.39,646.45,215.48
Clayey Loam,Isolated (Square),21.74,20,18.8,1.72,1.38,3.0,14.83,6.4,5.39,599.27,199.76
Silty Clay Loam,Strip,17.66,25,17.73,1.9,1.59,2.5,20.72,10.66,10.88,878.38,351.35
Silty Clay Loam,Strip,12.7,30,17.43,1.67,1.98,3.0,30.14,18.4,22.4,1304.89,434.96
Clayey Loam,Isolated (Square),29.57,20,17.27,2.15,1.75,3.0,14.83,6.4,5.39,757.61,252.54
Silty Clay Loam,Isolated(Circular),19.92,25,17.96,2.25,1.27,3.0,20.72,10.66,10.88,967.6,322.53
Silty Clay Loam,Isolated(Rectangular),12.52,25,18.83,2.28,1.46,3.0,20.72,10.66,10.88,866.63,288.88
Clayey Loam,Strip,20.36,25,18.44,1.47,1.91,2.5,20.72,10.66,10.88,902.42,360.97
Silty Clay Loam,Combined,29.32,25,17.11,1.18,1.35,2.5,20.72,10.66,10.88,948.39,379.36
Alluvial,Isolated(Circular),28.74,20,17.78,1.41,1.11,2.5,14.83,6.4,5.39,639.85,255.94
Silty Clay Loam,Strip,25.22,25,17.88,2.02,1.05,3.0,20.72,10.66,10.88,1009.7,336.57
Clayey Loam,Strip,20.81,25,18.35,2.11,2.63,2.5,20.72,10.66,10.88,1106.46,442.58
Alluvial,Isolated(Rectangular),18.72,25,18.08,2.24,2.79,2.5,20.72,10.66,10.88,1094.01,437.6
Alluvial,Isolated(Circular),21.97,30,17.9,1.9,2.79,3.0,30.14,18.4,22.4,1847.3,615.77
Alluvial,Combined,12.58,25,17.98,2.4,1.44,2.5,20.72,10.66,10.88,861.51,344.6
Silty Clay Loam,Isolated(Circular),14.89,20,17.69,1.3,2.32,2.5,14.83,6.4,5.39,478.6,191.44
Alluvial,Isolated (Square),28.85,30,17.43,2.18,1.22,2.5,30.14,18.4,22.4,1806.85,722.74
Clayey Loam,Isolated(Rectangular),25.33,20,17.12,1.94,1.53,3.0,14.83,6.4,5.39,658.8,219.6
Clayey Loam,Isolated(Rectangular),22.86,20,18.78,2.32,1.4,2.5,14.83,6.4,5.39,688.72,275.49
Alluvial,Combined,11.29,30,18.61,2.11,2.74,2.5,30.14,18.4,22.4,1633.9,653.56
Silty Clay Loam,Isolated (Square),29.45,25,17.72,1.05,1.66,2.5,20.72,10.66,10.88,968.56,387.42
Clayey Loam,Isolated (Square),20.13,25,18.57,1.76,1.04,2.5,20.72,10.66,10.88,870.56,348.22
Clayey Loam,Isolated(Circular),15.37,25,18.54,2.18,2.99,2.5,20.72,10.66,10.88,1050.88,420.35
Alluvial,Isolated(Circular),24.08,25,17.16,1.48,2.48,3.0,20.72,10.66,10.88,1001.18,333.73
Alluvial,Combined,28.41,30,18.72,2.48,2.63,2.5,30.14,18.4,22.4,2261.92,904.77
Silty Clay Loam,Isolated (Square),22.79,30,18.11,2.46,2.35,2.5,30.14,18.4,22.4,1983.28,793.31
Silty Clay Loam,Isolated(Rectangular),17.83,20,18.82,1.54,2.49,3.0,14.83,6.4,5.39,576.2,192.07
Alluvial,Isolated (Square),18.71,20,18.66,1.16,2.03,3.0,14.83,6.4,5.39,518.09,172.7
Alluvial,Isolated(Rectangular),27.55,25,17.61,1.79,1.24,2.5,20.72,10.66,10.88,1025.65,410.26
Clayey Loam,Isolated (Square),27.61,30,18.33,1.38,1.24,2.5,30.14,18.4,22.4,1552.17,620.87
Clayey Loam,Strip,13.87,25,18.95,1.19,2.73,3.0,20.72,10.66,10.88,809.2,269.73
Clayey Loam,Isolated(Circular),20.43,20,17.57,2.39,1.23,2.5,14.83,6.4,5.39,629.97,251.99
Clayey Loam,Combined,24.84,25,17.55,1.46,2.36,2.5,20.72,10.66,10.88,1013.14,405.26
Clayey Loam,Isolated (Square),20.32,30,18.82,2.11,2.28,3.0,30.14,18.4,22.4,1823.7,607.9
Clayey Loam,Strip,15.36,30,17.9,0.91,2.98,3.0,30.14,18.4,22.4,1360.1,453.37
Alluvial,Isolated(Rectangular),10.18,20,17.91,1.1,2.21,3.0,14.83,6.4,5.39,383.73,127.91
Alluvial,Isolated (Square),21.72,20,18.99,2.22,1.62,2.5,14.83,6.4,5.39,674.83,269.93
Clayey Loam,Isolated(Circular),11.07,30,18.22,1.44,2.78,3.0,30.14,18.4,22.4,1383.7,461.23
Silty Clay Loam,Combined,28.67,30,17.06,1.06,2.66,2.5,30.14,18.4,22.4,1705.1,682.04
Clayey Loam,Isolated(Rectangular),18.92,25,18.82,0.82,2.07,3.0,20.72,10.66,10.88,768.46,256.15
Alluvial,Combined,18.81,25,18.12,0.94,1.58,2.5,20.72,10.66,10.88,727.06,290.82
Silty Clay Loam,Strip,19.25,20,18.04,2.43,2.25,2.5,14.83,6.4,5.39,675.43,270.17
Clayey Loam,Isolated (Square),26.59,20,17.22,1.38,2.31,2.5,14.83,6.4,5.39,653.62,261.45
Silty Clay Loam,Strip,23.89,20,17.71,1.15,2.61,3.0,14.83,6.4,5.39,609.21,203.07
Silty Clay Loam,Combined,19.26,25,17.87,1.25,1.33,3.0,20.72,10.66,10.88,766.48,255.49
Silty Clay Loam,Strip,17.02,20,18.58,0.85,2.8,3.0,14.83,6.4,5.39,493.69,164.56
Alluvial,Isolated(Rectangular),11.94,30,18.7,1.1,2.19,2.5,30.14,18.4,22.4,1197.03,478.81
Silty Clay Loam,Isolated(Circular),10.69,25,18.9,1.14,1.58,2.5,20.72,10.66,10.88,613.63,245.45
Clayey Loam,Isolated(Rectangular),18.99,30,18.62,1.18,1.18,3.0,30.14,18.4,22.4,1222.72,407.57
Clayey Loam,Isolated(Circular),22.41,30,18.97,1.56,2.66,3.0,30.14,18.4,22.4,1785.11,595.04
Clayey Loam,Isolated (Square),29.46,20,17.95,2.09,2.38,3.0,14.83,6.4,5.39,792.12,264.04
Clayey Loam,Isolated (Square),21.82,25,18.05,1.73,2.24,3.0,20.72,10.66,10.88,1004.93,334.98
Clayey Loam,Isolated(Rectangular),27.82,25,18.92,0.99,2.29,3.0,20.72,10.66,10.88,1011.8,337.27
Silty Clay Loam,Strip,21.71,20,17.68,2.2,2.8,3.0,14.83,6.4,5.39,704.31,234.77
Alluvial,Isolated(Rectangular),12.27,20,18.6,1.19,2.94,2.5,14.83,6.4,5.39,471.0,188.4
Clayey Loam,Isolated(Circular),14.08,30,18.92,1.83,1.02,3.0,30.14,18.4,22.4,1277.59,425.86
Alluvial,Isolated (Square),16.4,25,17.11,1.34,2.43,2.5,20.72,10.66,10.88,810.39,324.16
Clayey Loam,Strip,17.78,30,17.46,1.85,1.3,2.5,30.14,18.4,22.4,1384.45,553.78
Clayey Loam,Strip,29.39,20,17.13,2.5,1.25,3.0,14.83,6.4,5.39,767.64,255.88
Clayey Loam,Strip,24.79,30,18.38,1.86,2.7,3.0,30.14,18.4,22.4,1932.02,644.01
Silty Clay Loam,Isolated (Square),11.62,20,17.17,2.39,2.57,2.5,14.83,6.4,5.39,553.88,221.55
Silty Clay Loam,Strip,10.27,25,17.66,2.47,2.34,3.0,20.72,10.66,10.88,902.59,300.86
Clayey Loam,Strip,29.19,20,17.93,0.83,2.33,2.5,14.83,6.4,5.39,640.72,256.29
Clayey Loam,Isolated(Rectangular),15.6,25,17.48,1.67,1.29,3.0,20.72,10.66,10.88,757.08,252.36
Clayey Loam,Isolated (Square),11.08,25,17.44,2.32,2.18,2.5,20.72,10.66,10.88,867.71,347.08
Silty Clay Loam,Isolated (Square),28.55,30,18.43,2.23,1.96,2.5,30.14,18.4,22.4,2021.29,808.52
Clayey Loam,Combined,12.1,20,18.93,2.32,1.43,2.5,14.83,6.4,5.39,533.47,213.39
Clayey Loam,Isolated(Circular),22.47,30,17.47,1.87,1.15,2.5,30.14,18.4,22.4,1503.37,601.35
Clayey Loam,Isolated(Circular),18.7,25,17.06,1.92,1.72,3.0,20.72,10.66,10.88,896.26,298.75
Silty Clay Loam,Strip,27.42,20,18.0,1.03,2.78,2.5,14.83,6.4,5.39,660.15,264.06
Silty Clay Loam,Isolated(Rectangular),12.86,30,18.9,2.4,1.36,3.0,30.14,18.4,22.4,1510.11,503.37
Silty Clay Loam,Combined,13.17,20,17.7,1.64,2.92,3.0,14.83,6.4,5.39,520.38,173.46
Clayey Loam,Combined,14.82,20,17.86,1.55,1.05,2.5,14.83,6.4,5.39,447.49,179.0
Silty Clay Loam,Isolated(Rectangular),19.88,25,17.58,1.26,2.69,3.0,20.72,10.66,10.88,905.3,301.77
Alluvial,Isolated(Rectangular),20.9,25,17.16,1.72,2.49,2.5,20.72,10.66,10.88,980.12,392.05
Alluvial,Isolated(Rectangular),26.38,30,17.19,1.94,2.26,2.5,30.14,18.4,22.4,1843.82,737.53
Silty Clay Loam,Isolated (Square),20.3,20,18.48,0.92,2.98,2.5,14.83,6.4,5.39,558.27,223.31
Clayey Loam,Combined,27.24,25,17.02,2.35,1.56,2.5,20.72,10.66,10.88,1135.22,454.09
Silty Clay Loam,Combined,23.77,30,18.18,2.18,1.49,3.0,30.14,18.4,22.4,1749.05,583.02
Silty Clay Loam,Isolated (Square),10.08,30,17.83,1.16,2.41,2.5,30.14,18.4,22.4,1165.64,466.26
Alluvial,Combined,13.29,20,18.23,1.44,2.92,3.0,14.83,6.4,5.39,508.56,169.52
Silty Clay Loam,Isolated (Square),29.23,25,17.49,1.33,2.4,2.5,20.72,10.66,10.88,1081.96,432.78
Clayey Loam,Combined,10.22,20,17.73,2.49,1.32,2.5,14.83,6.4,5.39,497.18,198.87
Clayey Loam,Combined,20.35,25,17.36,0.9,1.4,3.0,20.72,10.66,10.88,720.42,240.14
Clayey Loam,Isolated(Circular),20.36,25,18.69,0.88,2.58,3.0,20.72,10.66,10.88,859.5,286.5
Silty Clay Loam,Combined,27.06,30,18.66,2.34,1.08,2.5,30.14,18.4,22.4,1844.72,737.89
Alluvial,Isolated(Circular),11.16,25,17.73,1.15,1.62,2.5,20.72,10.66,10.88,604.84,241.94
Silty Clay Loam,Combined,27.73,20,18.18,2.31,1.76,2.5,14.83,6.4,5.39,766.24,306.5
Clayey Loam,Strip,29.23,25,17.95,1.89,2.07,3.0,20.72,10.66,10.88,1169.42,389.81
Silty Clay Loam,Isolated(Circular),15.52,20,18.86,1.9,1.32,2.5,14.83,6.4,5.39,526.59,210.64
Silty Clay Loam,Isolated(Circular),26.45,25,18.51,1.13,1.48,2.5,20.72,10.66,10.88,920.04,368.02
Clayey Loam,Strip,29.69,25,18.99,1.79,1.64,2.5,20.72,10.66,10.88,1146.95,458.78
Silty Clay Loam,Isolated (Square),15.47,30,17.2,2.43,1.23,3.0,30.14,18.4,22.4,1472.26,490.75
Alluvial,Strip,26.19,30,17.87,1.17,1.33,2.5,30.14,18.4,22.4,1440.26,576.1
Clayey Loam,Isolated (Square),29.36,25,18.93,1.48,1.53,2.5,20.72,10.66,10.88,1064.55,425.82
Silty Clay Loam,Isolated(Circular),29.84,20,18.24,1.74,2.6,3.0,14.83,6.4,5.39,773.46,257.82
Alluvial,Strip,25.92,30,18.66,1.02,2.27,3.0,30.14,18.4,22.4,1605.85,535.28
Clayey Loam,Isolated(Circular),29.35,25,18.84,1.54,2.32,3.0,20.72,10.66,10.88,1155.19,385.06
Alluvial,Strip,14.7,30,17.01,1.47,1.14,2.5,30.14,18.4,22.4,1120.33,448.13
Clayey Loam,Isolated(Circular),18.77,20,17.95,2.15,2.25,2.5,14.83,6.4,5.39,634.2,253.68
Alluvial,Isolated (Square),20.44,25,17.2,1.66,1.29,3.0,20.72,10.66,10.88,848.58,282.86
Silty Clay Loam,Isolated (Square),26.43,20,17.31,2.21,1.44,2.5,14.83,6.4,5.39,703.97,281.59
Clayey Loam,Isolated(Rectangular),27.17,25,18.85,1.38,1.74,2.5,20.72,10.66,10.88,1018.69,407.48
Alluvial,Isolated (Square),18.26,25,17.51,2.5,2.11,3.0,20.72,10.66,10.88,1045.98,348.66
Silty Clay Loam,Strip,27.5,25,18.4,1.62,2.85,2.5,20.72,10.66,10.88,1172.83,469.13
Silty Clay Loam,Strip,11.06,20,18.05,2.02,1.46,2.5,14.83,6.4,5.39,468.39,187.36
Clayey Loam,Strip,20.35,25,17.57,1.92,1.14,2.5,20.72,10.66,10.88,890.22,356.09
Alluvial,Isolated(Rectangular),14.95,20,18.44,2.49,2.72,3.0,14.83,6.4,5.39,650.74,216.91
Silty Clay Loam,Strip,23.13,20,17.56,2.0,1.26,2.5,14.83,6.4,5.39,627.41,250.96
Clayey Loam,Combined,20.49,30,17.59,0.86,1.54,3.0,30.14,18.4,22.4,1199.31,399.77
Silty Clay Loam,Isolated(Circular),29.16,30,18.95,1.12,1.21,2.5,30.14,18.4,22.4,1526.21,610.48
Silty Clay Loam,Isolated(Circular),24.3,20,18.09,1.17,1.88,2.5,14.83,6.4,5.39,587.48,234.99
Alluvial,Isolated (Square),27.24,20,17.2,1.07,1.99,2.5,14.83,6.4,5.39,614.0,245.6
Alluvial,Isolated(Circular),27.76,30,17.33,2.35,1.01,2.5,30.14,18.4,22.4,1782.07,712.83
Silty Clay Loam,Strip,14.09,25,17.85,1.34,2.47,3.0,20.72,10.66,10.88,786.77,262.26
Alluvial,Isolated(Rectangular),11.16,25,18.01,1.58,1.4,2.5,20.72,10.66,10.88,671.74,268.7
Silty Clay Loam,Combined,24.19,25,17.11,0.93,1.71,3.0,20.72,10.66,10.88,830.01,276.67
Clayey Loam,Isolated(Rectangular),15.72,20,17.57,1.54,2.18,2.5,14.83,6.4,5.39,509.52,203.81
Silty Clay Loam,Isolated(Circular),16.1,30,18.64,1.88,2.69,3.0,30.14,18.4,22.4,1691.63,563.88
Clayey Loam,Isolated(Circular),25.06,30,17.34,1.49,1.26,3.0,30.14,18.4,22.4,1475.4,491.8
Silty Clay Loam,Strip,26.65,25,17.24,2.22,1.1,2.5,20.72,10.66,10.88,1063.34,425.34
Silty Clay Loam,Combined,28.35,25,17.92,1.49,2.13,2.5,20.72,10.66,10.88,1079.69,431.88
Silty Clay Loam,Isolated (Square),18.93,30,18.32,1.22,1.69,3.0,30.14,18.4,22.4,1328.56,442.85
Clayey Loam,Isolated(Rectangular),27.78,20,18.48,2.36,1.06,3.0,14.83,6.4,5.39,743.89,247.96
Silty Clay Loam,Isolated (Square),13.0,25,18.14,1.88,1.23,2.5,20.72,10.66,10.88,754.28,301.71
Clayey Loam,Strip,10.7,20,17.72,1.35,1.89,3.0,14.83,6.4,5.39,402.04,134.01
Alluvial,Strip,20.49,30,18.16,1.59,1.13,3.0,30.14,18.4,22.4,1378.69,459.56
Alluvial,Isolated(Circular),12.51,30,17.23,1.43,1.65,2.5,30.14,18.4,22.4,1148.82,459.53
Silty Clay Loam,Isolated(Rectangular),25.91,20,18.86,1.09,1.64,2.5,14.83,6.4,5.39,599.17,239.67
Clayey Loam,Isolated(Circular),12.0,30,18.36,1.35,2.93,3.0,30.14,18.4,22.4,1420.24,473.41
Silty Clay Loam,Isolated (Square),13.17,20,18.46,2.13,1.49,3.0,14.83,6.4,5.39,521.08,173.69
Alluvial,Isolated(Circular),12.24,20,17.13,2.49,2.42,3.0,14.83,6.4,5.39,566.22,188.74
Silty Clay Loam,Isolated(Circular),13.1,25,17.3,1.5,2.14,3.0,20.72,10.66,10.88,749.46,249.82
Clayey Loam,Isolated(Rectangular),11.14,30,18.16,2.28,1.83,3.0,30.14,18.4,22.4,1469.82,489.94
Silty Clay Loam,Combined,11.66,30,17.49,2.3,2.9,3.0,30.14,18.4,22.4,1659.68,553.23
Clayey Loam,Isolated(Circular),20.47,25,18.41,1.98,1.99,3.0,20.72,10.66,10.88,1012.01,337.34
Clayey Loam,Isolated(Circular),11.92,25,18.74,2.46,2.06,3.0,20.72,10.66,10.88,948.42,316.14
Alluvial,Isolated(Rectangular),22.8,20,18.23,0.91,2.6,3.0,14.83,6.4,5.39,572.03,190.68
Clayey Loam,Isolated(Circular),21.1,30,17.59,1.78,1.12,2.5,30.14,18.4,22.4,1432.71,573.08
Alluvial,Strip,20.82,20,17.54,2.11,1.3,2.5,14.83,6.4,5.39,607.07,242.83
Clayey Loam,Isolated(Rectangular),28.49,25,18.13,2.36,1.32,2.5,20.72,10.66,10.88,1176.61,470.64
Silty Clay Loam,Isolated (Square),19.25,30,18.71,1.19,1.61,3.0,30.14,18.4,22.4,1327.25,442.42
Silty Clay Loam,Isolated(Rectangular),11.41,20,18.85,2.1,1.29,3.0,14.83,6.4,5.39,488.09,162.7
Silty Clay Loam,Isolated(Circular),22.87,20,18.34,2.0,1.37,3.0,14.83,6.4,5.39,641.63,213.88
Alluvial,Combined,21.98,20,17.89,1.69,2.22,3.0,14.83,6.4,5.39,626.5,208.83
Clayey Loam,Isolated(Circular),17.08,30,17.53,0.94,1.46,2.5,30.14,18.4,22.4,1104.64,441.86
Silty Clay Loam,Isolated (Square),10.21,25,17.27,1.59,2.17,2.5,20.72,10.66,10.88,708.14,283.26
Alluvial,Isolated (Square),25.1,20,18.23,1.92,2.7,3.0,14.83,6.4,5.39,728.89,242.96
Alluvial,Isolated(Circular),26.61,20,17.82,1.56,1.44,3.0,14.83,6.4,5.39,641.7,213.9
Silty Clay Loam,Combined,26.6,20,17.72,1.98,1.43,3.0,14.83,6.4,5.39,687.32,229.11
Alluvial,Combined,12.23,25,17.79,1.53,2.34,3.0,20.72,10.66,10.88,770.02,256.67
Clayey Loam,Combined,21.57,25,17.22,1.36,2.79,3.0,20.72,10.66,10.88,957.94,319.31
Silty Clay Loam,Isolated (Square),25.27,25,18.93,0.98,2.61,3.0,20.72,10.66,10.88,990.13,330.04
Clayey Loam,Isolated(Rectangular),27.29,30,18.37,2.05,2.93,3.0,30.14,18.4,22.4,2118.27,706.09
Silty Clay Loam,Isolated(Circular),13.86,25,17.42,1.92,2.84,2.5,20.72,10.66,10.88,912.85,365.14
Silty Clay Loam,Isolated(Circular),15.17,20,17.93,1.09,1.78,3.0,14.83,6.4,5.39,436.06,145.35
Clayey Loam,Isolated(Rectangular),20.65,25,18.42,1.4,2.85,2.5,20.72,10.66,10.88,988.35,395.34
Clayey Loam,Combined,21.85,20,18.88,1.06,2.84,2.5,14.83,6.4,5.39,596.62,238.65
Clayey Loam,Combined,28.16,20,18.57,1.29,1.48,2.5,14.83,6.4,5.39,645.0,258.0
Silty Clay Loam,Combined,15.29,25,17.72,2.43,2.82,3.0,20.72,10.66,10.88,1047.66,349.22
Silty Clay Loam,Isolated(Circular),14.06,20,18.43,1.05,2.89,2.5,14.83,6.4,5.39,475.9,190.36
Clayey Loam,Isolated(Circular),19.74,20,18.88,2.14,1.53,3.0,14.83,6.4,5.39,629.17,209.72
Alluvial,Isolated(Circular),16.53,20,18.7,1.61,2.27,2.5,14.83,6.4,5.39,552.22,220.89
Silty Clay Loam,Isolated(Rectangular),11.8,20,17.93,2.42,2.03,3.0,14.83,6.4,5.39,550.79,183.6
Silty Clay Loam,Isolated (Square),24.94,25,17.27,1.11,2.55,2.5,20.72,10.66,10.88,960.68,384.27
Clayey Loam,Isolated(Rectangular),21.24,25,17.89,2.5,2.34,2.5,20.72,10.66,10.88,1144.59,457.84
Silty Clay Loam,Isolated(Circular),19.33,20,18.99,0.91,2.71,2.5,14.83,6.4,5.39,535.95,214.38
Clayey Loam,Isolated (Square),16.47,20,17.98,2.2,2.19,3.0,14.83,6.4,5.39,603.53,201.18
Silty Clay Loam,Isolated(Circular),26.54,30,18.97,1.95,1.38,2.5,30.14,18.4,22.4,1773.76,709.5
Alluvial,Strip,28.59,25,17.11,1.13,2.4,2.5,20.72,10.66,10.88,1021.88,408.75
Silty Clay Loam,Isolated(Rectangular),27.99,30,17.2,2.1,1.2,2.5,30.14,18.4,22.4,1739.39,695.76
Clayey Loam,Strip,23.61,20,18.37,1.35,2.8,2.5,14.83,6.4,5.39,647.47,258.99
Clayey Loam,Isolated(Rectangular),25.92,25,18.95,1.46,1.5,2.5,20.72,10.66,10.88,986.62,394.65
Clayey Loam,Isolated (Square),17.99,25,17.98,1.88,2.06,3.0,20.72,10.66,10.88,934.58,311.53
Clayey Loam,Strip,18.74,25,17.96,1.99,2.97,3.0,20.72,10.66,10.88,1059.46,353.15
Clayey Loam,Strip,10.37,25,17.16,2.0,2.84,2.5,20.72,10.66,10.88,845.83,338.33
Alluvial,Strip,26.92,25,18.1,1.66,1.62,2.5,20.72,10.66,10.88,1037.58,415.03
Silty Clay Loam,Isolated (Square),14.61,25,17.95,1.22,2.78,2.5,20.72,10.66,10.88,807.62,323.05
Silty Clay Loam,Strip,21.13,30,17.02,1.89,2.37,3.0,30.14,18.4,22.4,1680.52,560.17
Silty Clay Loam,Isolated(Rectangular),11.55,30,18.11,1.81,2.76,2.5,30.14,18.4,22.4,1511.07,604.43
Silty Clay Loam,Strip,12.9,20,18.27,1.65,2.56,2.5,14.83,6.4,5.39,510.29,204.12
Alluvial,Combined,20.58,25,18.17,0.81,2.57,2.5,20.72,10.66,10.88,837.34,334.94
Silty Clay Loam,Strip,18.37,20,17.84,2.26,1.98,3.0,14.83,6.4,5.39,625.66,208.55
Clayey Loam,Isolated(Circular),26.33,25,17.76,1.5,1.24,2.5,20.72,10.66,10.88,949.34,379.74
Alluvial,Isolated(Circular),15.99,30,18.47,0.89,2.48,3.0,30.14,18.4,22.4,1297.43,432.48
Clayey Loam,Isolated (Square),13.6,30,17.7,1.37,2.75,3.0,30.14,18.4,22.4,1401.25,467.08
Clayey Loam,Combined,22.56,25,18.95,1.57,2.01,3.0,20.72,10.66,10.88,991.8,330.6
Silty Clay Loam,Isolated(Circular),25.64,30,17.94,1.91,2.48,2.5,30.14,18.4,22.4,1901.57,760.63
Clayey Loam,Combined,24.31,30,18.01,1.58,2.06,3.0,30.14,18.4,22.4,1671.82,557.27
Alluvial,Isolated(Circular),24.96,25,17.31,1.61,1.44,2.5,20.72,10.66,10.88,949.86,379.94
Silty Clay Loam,Isolated(Circular),11.96,30,17.32,2.16,1.69,2.5,30.14,18.4,22.4,1376.67,550.67
Alluvial,Strip,27.48,25,18.59,1.66,1.84,2.5,20.72,10.66,10.88,1084.43,433.77
Silty Clay Loam,Isolated (Square),14.37,25,18.37,1.73,1.79,3.0,20.72,10.66,10.88,815.4,271.8
Clayey Loam,Isolated(Rectangular),23.0,25,18.77,2.25,2.76,3.0,20.72,10.66,10.88,1208.58,402.86
Alluvial,Isolated (Square),26.19,20,18.67,1.48,1.16,2.5,14.83,6.4,5.39,623.61,249.44
Clayey Loam,Combined,25.8,20,17.53,1.28,2.23,2.5,14.83,6.4,5.39,631.57,252.63
Silty Clay Loam,Combined,17.79,20,17.85,1.34,1.79,2.5,14.83,6.4,5.39,503.02,201.21
Clayey Loam,Isolated(Circular),16.16,30,17.74,2.23,2.57,2.5,30.14,18.4,22.4,1725.6,690.24
Silty Clay Loam,Isolated (Square),19.11,20,17.26,2.29,2.16,2.5,14.83,6.4,5.39,636.84,254.74
Alluvial,Isolated(Rectangular),19.12,30,17.97,1.25,2.38,3.0,30.14,18.4,22.4,1468.6,489.53
Silty Clay Loam,Strip,14.65,30,17.05,1.49,1.04,3.0,30.14,18.4,22.4,1107.59,369.2
Silty Clay Loam,Strip,21.54,25,17.83,1.14,2.12,2.5,20.72,10.66,10.88,868.62,347.45
Clayey Loam,Strip,26.62,20,17.2,0.88,2.36,2.5,14.83,6.4,5.39,601.04,240.42
Alluvial,Isolated(Circular),13.14,30,18.75,1.57,2.1,2.5,30.14,18.4,22.4,1378.69,551.48
Silty Clay Loam,Strip,18.54,30,18.24,2.41,2.08,2.5,30.14,18.4,22.4,1792.55,717.02
Alluvial,Isolated(Circular),15.36,20,18.06,1.39,1.26,3.0,14.83,6.4,5.39,449.78,149.93
Alluvial,Isolated (Square),12.18,25,17.4,2.03,1.69,3.0,20.72,10.66,10.88,788.87,262.96
Alluvial,Isolated(Rectangular),11.08,20,18.12,2.33,2.64,3.0,14.83,6.4,5.39,563.44,187.81
Clayey Loam,Isolated(Circular),27.83,30,18.86,1.33,2.93,3.0,30.14,18.4,22.4,1919.25,639.75
Alluvial,Isolated(Circular),28.06,25,17.4,1.99,2.19,3.0,20.72,10.66,10.88,1157.81,385.94
Silty Clay Loam,Combined,19.32,20,18.09,2.18,2.0,3.0,14.83,6.4,5.39,636.41,212.14
Clayey Loam,Isolated(Rectangular),29.39,30,17.76,1.89,2.14,2.5,30.14,18.4,22.4,1929.11,771.64
Silty Clay Loam,Isolated(Circular),28.72,30,18.22,1.49,2.97,2.5,30.14,18.4,22.4,1971.21,788.48
Silty Clay Loam,Isolated(Circular),13.86,25,17.76,2.41,2.2,2.5,20.72,10.66,10.88,956.0,382.4
Silty Clay Loam,Strip,12.93,30,18.83,1.91,2.79,2.5,30.14,18.4,22.4,1639.87,655.95
Silty Clay Loam,Combined,12.75,20,18.1,1.23,1.91,3.0,14.83,6.4,5.39,424.73,141.58
Alluvial,Combined,22.2,25,18.16,1.17,2.5,3.0,20.72,10.66,10.88,933.46,311.15
Clayey Loam,Isolated(Circular),15.45,20,17.75,2.11,1.11,3.0,14.83,6.4,5.39,521.92,173.97
Clayey Loam,Combined,25.32,20,17.63,2.14,2.35,3.0,14.83,6.4,5.39,728.61,242.87
Alluvial,Isolated(Rectangular),18.69,25,17.41,1.43,2.31,2.5,20.72,10.66,10.88,871.43,348.57
Clayey Loam,Isolated(Circular),20.03,30,17.03,1.99,2.61,2.5,30.14,18.4,22.4,1725.1,690.04
Silty Clay Loam,Isolated(Circular),12.7,30,17.14,1.27,1.61,2.5,30.14,18.4,22.4,1092.37,436.95
Silty Clay Loam,Isolated(Circular),14.9,30,17.81,1.86,2.49,2.5,30.14,18.4,22.4,1555.3,622.12
Alluvial,Isolated (Square),17.25,25,17.19,1.06,1.38,3.0,20.72,10.66,10.88,680.71,226.9
Clayey Loam,Strip,28.69,30,18.69,1.17,2.7,3.0,30.14,18.4,22.4,1832.26,610.75
Clayey Loam,Isolated (Square),19.9,25,17.79,1.02,2.7,3.0,20.72,10.66,10.88,867.06,289.02
Clayey Loam,Strip,12.71,25,18.05,1.11,2.29,2.5,20.72,10.66,10.88,701.79,280.72
Clayey Loam,Combined,27.17,25,18.74,1.75,2.57,2.5,20.72,10.66,10.88,1174.56,469.82
Silty Clay Loam,Isolated(Rectangular),13.25,30,18.05,1.95,2.26,2.5,30.14,18.4,22.4,1503.87,601.55
Alluvial,Isolated(Circular),21.9,25,18.12,2.43,1.05,2.5,20.72,10.66,10.88,1026.65,410.66
Silty Clay Loam,Combined,24.58,30,18.29,0.89,1.91,2.5,30.14,18.4,22.4,1431.62,572.65
Clayey Loam,Combined,17.89,25,17.51,2.1,1.58,2.5,20.72,10.66,10.88,913.16,365.26
Silty Clay Loam,Isolated(Circular),21.95,30,17.7,2.26,1.76,3.0,30.14,18.4,22.4,1746.51,582.17
Alluvial,Isolated(Rectangular),25.28,25,17.01,2.4,1.1,3.0,20.72,10.66,10.88,1060.77,353.59
Alluvial,Isolated(Circular),15.58,20,18.72,0.88,2.99,2.5,14.83,6.4,5.39,487.33,194.93
Clayey Loam,Strip,12.7,25,18.54,1.11,1.08,3.0,20.72,10.66,10.88,591.45,197.15
Silty Clay Loam,Combined,12.68,20,18.62,1.74,2.54,2.5,14.83,6.4,5.39,522.86,209.14
Clayey Loam,Isolated(Circular),26.72,30,17.13,0.83,2.33,2.5,30.14,18.4,22.4,1513.97,605.59
Alluvial,Isolated(Circular),29.24,30,17.46,2.5,2.42,2.5,30.14,18.4,22.4,2157.69,863.08
Clayey Loam,Combined,22.91,30,18.55,2.45,1.73,2.5,30.14,18.4,22.4,1886.17,754.47
Alluvial,Isolated(Circular),14.07,30,18.96,0.81,1.43,3.0,30.14,18.4,22.4,1010.31,336.77
Clayey Loam,Isolated(Rectangular),12.2,30,17.98,2.5,1.9,3.0,30.14,18.4,22.4,1577.4,525.8
Clayey Loam,Isolated(Rectangular),21.13,25,17.33,0.88,2.14,3.0,20.72,10.66,10.88,802.13,267.38
Clayey Loam,Combined,11.89,20,17.82,2.37,2.5,2.5,14.83,6.4,5.39,566.68,226.67
Clayey Loam,Isolated(Rectangular),17.88,25,18.47,1.32,1.02,3.0,20.72,10.66,10.88,732.86,244.29
Alluvial,Combined,15.19,20,18.37,1.29,2.0,2.5,14.83,6.4,5.39,475.94,190.38
Alluvial,Strip,29.27,25,18.18,1.41,2.25,3.0,20.72,10.66,10.88,1102.25,367.42
Alluvial,Strip,16.15,30,17.04,2.41,1.47,2.5,30.14,18.4,22.4,1522.93,609.17
Alluvial,Combined,10.8,20,18.94,1.7,2.2,2.5,14.83,6.4,5.39,478.53,191.41
Alluvial,Isolated(Rectangular),26.35,20,18.42,2.47,2.62,2.5,14.83,6.4,5.39,812.02,324.81
Clayey Loam,Strip,25.01,25,18.13,2.05,1.62,2.5,20.72,10.66,10.88,1074.18,429.67
Silty Clay Loam,Combined,26.72,25,18.33,2.03,2.05,3.0,20.72,10.66,10.88,1154.71,384.9
Silty Clay Loam,Strip,24.98,25,18.61,2.46,2.29,3.0,20.72,10.66,10.88,1237.44,412.48
Clayey Loam,Combined,23.33,20,18.05,1.06,2.93,3.0,14.83,6.4,5.39,610.96,203.65
Alluvial,Isolated(Circular),29.41,25,17.77,1.75,2.03,3.0,20.72,10.66,10.88,1137.11,379.04
Silty Clay Loam,Isolated(Rectangular),15.27,25,17.01,2.39,1.78,2.5,20.72,10.66,10.88,914.48,365.79
Silty Clay Loam,Strip,23.83,20,18.53,1.0,2.75,3.0,14.83,6.4,5.39,609.32,203.11
Silty Clay Loam,Isolated(Rectangular),18.77,30,18.09,1.51,2.55,2.5,30.14,18.4,22.4,1584.99,634.0
Clayey Loam,Strip,13.91,20,18.2,0.95,1.47,2.5,14.83,6.4,5.39,389.04,155.62
Clayey Loam,Isolated (Square),26.52,30,18.5,1.7,2.59,2.5,30.14,18.4,22.4,1914.64,765.86
Silty Clay Loam,Combined,23.54,25,18.1,1.1,2.12,3.0,20.72,10.66,10.88,908.73,302.91
Alluvial,Isolated(Circular),25.8,25,17.15,1.22,2.89,3.0,20.72,10.66,10.88,1027.24,342.41
Alluvial,Combined,10.06,20,18.05,1.86,2.26,3.0,14.83,6.4,5.39,473.99,158.0
Silty Clay Loam,Isolated (Square),23.05,25,17.51,1.54,1.09,2.5,20.72,10.66,10.88,868.87,347.55
Clayey Loam,Isolated (Square),16.73,25,17.38,2.29,2.82,2.5,20.72,10.66,10.88,1037.54,415.02
Clayey Loam,Isolated(Rectangular),29.91,20,17.38,2.42,1.53,2.5,14.83,6.4,5.39,784.41,313.76
Alluvial,Combined,16.6,25,18.81,2.14,1.28,3.0,20.72,10.66,10.88,904.03,301.34
Alluvial,Combined,28.49,30,17.86,2.33,1.04,3.0,30.14,18.4,22.4,1832.42,610.81
Silty Clay Loam,Strip,28.25,30,18.86,1.93,1.51,3.0,30.14,18.4,22.4,1840.17,613.39
Silty Clay Loam,Combined,20.48,20,18.99,2.08,2.88,3.0,14.83,6.4,5.39,703.91,234.64
Clayey Loam,Isolated (Square),22.11,30,18.38,2.22,2.4,3.0,30.14,18.4,22.4,1911.24,637.08
Silty Clay Loam,Strip,15.22,20,18.42,1.05,1.38,3.0,14.83,6.4,5.39,418.0,139.33
Alluvial,Isolated(Circular),11.4,20,17.95,2.41,1.7,3.0,14.83,6.4,5.39,528.16,176.05
Clayey Loam,Isolated (Square),13.0,25,18.46,2.3,1.77,3.0,20.72,10.66,10.88,899.71,299.9
Clayey Loam,Isolated(Rectangular),23.85,30,17.63,1.05,1.74,2.5,30.14,18.4,22.4,1403.02,561.21
Silty Clay Loam,Isolated(Rectangular),12.89,30,18.63,1.74,2.23,3.0,30.14,18.4,22.4,1450.27,483.42
Silty Clay Loam,Isolated (Square),13.06,25,18.72,1.11,1.23,3.0,20.72,10.66,10.88,617.37,205.79
Alluvial,Isolated (Square),26.89,30,17.48,1.25,1.39,3.0,30.14,18.4,22.4,1484.63,494.88
Silty Clay Loam,Isolated(Circular),16.04,20,18.54,1.86,1.34,2.5,14.83,6.4,5.39,525.53,210.21
Silty Clay Loam,Strip,16.14,30,18.37,1.78,1.81,2.5,30.14,18.4,22.4,1460.51,584.2
Silty Clay Loam,Isolated (Square),27.22,20,18.44,0.84,2.72,2.5,14.83,6.4,5.39,637.98,255.19
Alluvial,Strip,24.6,30,17.38,1.39,1.21,2.5,30.14,18.4,22.4,1421.49,568.6
Clayey Loam,Isolated(Rectangular),24.7,25,18.02,2.25,2.45,2.5,20.72,10.66,10.88,1184.16,473.66
Clayey Loam,Isolated (Square),10.99,20,17.92,1.13,2.6,3.0,14.83,6.4,5.39,418.14,139.38
Clayey Loam,Strip,10.58,25,17.68,1.51,2.38,3.0,20.72,10.66,10.88,732.71,244.24
Clayey Loam,Isolated(Circular),19.13,20,18.78,1.8,1.18,3.0,14.83,6.4,5.39,559.77,186.59
Silty Clay Loam,Combined,27.34,30,17.31,1.49,2.86,3.0,30.14,18.4,22.4,1853.07,617.69
Silty Clay Loam,Isolated (Square),25.44,20,18.25,2.22,1.74,2.5,14.83,6.4,5.39,722.15,288.86
Clayey Loam,Combined,13.08,25,17.46,1.59,2.69,3.0,20.72,10.66,10.88,822.46,274.15
Clayey Loam,Isolated (Square),21.4,25,17.28,2.01,1.6,2.5,20.72,10.66,10.88,964.06,385.62
Clayey Loam,Isolated(Rectangular),12.9,20,17.69,2.07,2.12,2.5,14.83,6.4,5.39,526.73,210.69
Clayey Loam,Isolated (Square),21.01,25,18.6,1.21,2.08,2.5,20.72,10.66,10.88,885.7,354.28
Alluvial,Isolated (Square),10.46,20,17.47,1.91,1.44,3.0,14.83,6.4,5.39,436.47,145.49
Alluvial,Strip,29.37,25,18.01,0.99,2.07,3.0,20.72,10.66,10.88,1001.42,333.81
Alluvial,Combined,25.61,25,17.19,2.41,2.58,3.0,20.72,10.66,10.88,1213.53,404.51
Silty Clay Loam,Isolated (Square),25.26,25,17.16,1.77,2.02,2.5,20.72,10.66,10.88,1035.73,414.29
Alluvial,Combined,12.45,20,17.56,1.94,1.25,2.5,14.83,6.4,5.39,461.81,184.72
Clayey Loam,Isolated(Rectangular),21.24,20,18.45,2.42,1.24,2.5,14.83,6.4,5.39,662.4,264.96
Silty Clay Loam,Isolated(Circular),23.05,30,18.88,2.44,2.33,3.0,30.14,18.4,22.4,2035.06,678.35
Silty Clay Loam,Isolated(Circular),27.65,30,17.07,1.78,1.06,2.5,30.14,18.4,22.4,1595.1,638.04
Clayey Loam,Isolated(Circular),12.78,25,18.04,1.92,1.84,3.0,20.72,10.66,10.88,814.6,271.53
Alluvial,Strip,29.07,25,17.18,2.06,1.67,2.5,20.72,10.66,10.88,1135.67,454.27
Alluvial,Strip,14.61,20,17.29,2.01,2.11,3.0,14.83,6.4,5.39,537.4,179.13
Clayey Loam,Combined,26.18,20,18.33,0.87,1.89,2.5,14.83,6.4,5.39,583.68,233.47
Silty Clay Loam,Isolated(Rectangular),10.01,30,18.94,0.95,2.81,3.0,30.14,18.4,22.4,1228.85,409.62
Silty Clay Loam,Isolated (Square),10.74,25,18.95,1.21,2.62,2.5,20.72,10.66,10.88,737.05,294.82
Clayey Loam,Combined,12.95,30,17.59,1.24,1.68,3.0,30.14,18.4,22.4,1122.62,374.21
Alluvial,Combined,28.19,30,17.53,1.56,2.22,3.0,30.14,18.4,22.4,1788.69,596.23
Clayey Loam,Strip,28.47,25,17.89,1.99,1.22,3.0,20.72,10.66,10.88,1088.14,362.71
Silty Clay Loam,Isolated (Square),20.51,20,18.45,1.37,2.64,2.5,14.83,6.4,5.39,597.2,238.88
Alluvial,Isolated(Rectangular),20.0,25,17.51,2.17,1.88,2.5,20.72,10.66,10.88,998.52,399.41
Silty Clay Loam,Combined,23.92,25,17.97,1.57,2.95,2.5,20.72,10.66,10.88,1084.75,433.9
Clayey Loam,Strip,13.3,25,18.09,0.94,2.23,3.0,20.72,10.66,10.88,676.3,225.43
Silty Clay Loam,Isolated(Rectangular),22.33,20,18.57,1.79,2.97,2.5,14.83,6.4,5.39,692.53,277.01
Alluvial,Strip,25.59,25,17.9,1.13,1.31,3.0,20.72,10.66,10.88,873.41,291.14
Silty Clay Loam,Combined,26.98,25,17.21,2.07,1.76,3.0,20.72,10.66,10.88,1103.56,367.85
Silty Clay Loam,Isolated(Rectangular),22.49,30,18.6,1.62,2.08,3.0,30.14,18.4,22.4,1665.58,555.19
Alluvial,Combined,19.82,30,17.14,1.24,2.57,2.5,30.14,18.4,22.4,1481.8,592.72
Alluvial,Isolated(Rectangular),28.3,25,17.23,1.34,1.87,2.5,20.72,10.66,10.88,1007.77,403.11
Clayey Loam,Isolated(Rectangular),23.98,30,17.72,2.09,1.24,3.0,30.14,18.4,22.4,1650.29,550.1
Clayey Loam,Strip,21.94,30,18.08,1.39,1.37,3.0,30.14,18.4,22.4,1401.11,467.04
Alluvial,Combined,27.83,30,18.17,1.6,2.57,3.0,30.14,18.4,22.4,1896.73,632.24
Silty Clay Loam,Strip,27.9,25,18.59,1.01,2.85,2.5,20.72,10.66,10.88,1066.46,426.58
Silty Clay Loam,Combined,16.17,30,17.6,2.13,1.33,3.0,30.14,18.4,22.4,1439.31,479.77
Clayey Loam,Isolated(Circular),16.76,20,17.85,1.16,2.99,3.0,14.83,6.4,5.39,524.91,174.97
Alluvial,Combined,23.7,30,17.77,1.74,2.18,3.0,30.14,18.4,22.4,1717.11,572.37
Alluvial,Strip,20.53,25,17.92,1.55,2.06,3.0,20.72,10.66,10.88,922.29,307.43
Clayey Loam,Strip,23.94,30,17.66,2.32,3.0,2.5,30.14,18.4,22.4,2068.8,827.52
Clayey Loam,Combined,11.1,30,18.2,2.18,1.18,2.5,30.14,18.4,22.4,1305.12,522.05
Clayey Loam,Combined,12.74,30,17.02,0.84,2.35,3.0,30.14,18.4,22.4,1095.01,365.0
Clayey Loam,Isolated(Circular),21.88,25,17.5,1.52,2.89,2.5,20.72,10.66,10.88,1012.04,404.82
Clayey Loam,Combined,25.72,20,18.29,1.69,1.42,3.0,14.83,6.4,5.39,649.25,216.42
Alluvial,Strip,21.22,25,18.13,1.36,1.96,2.5,20.72,10.66,10.88,895.83,358.33
Clayey Loam,Strip,22.66,30,17.8,1.21,2.01,2.5,30.14,18.4,22.4,1479.99,592.0
Alluvial,Strip,24.96,20,17.88,2.32,2.8,3.0,14.83,6.4,5.39,770.56,256.85
Alluvial,Isolated (Square),13.87,20,18.63,2.32,2.9,3.0,14.83,6.4,5.39,627.91,209.3
Clayey Loam,Combined,18.68,30,17.49,2.38,2.92,2.5,30.14,18.4,22.4,1900.93,760.37
Clayey Loam,Isolated(Circular),17.35,20,18.41,2.2,1.64,3.0,14.83,6.4,5.39,597.88,199.29
Alluvial,Strip,27.32,30,17.91,0.8,1.0,2.5,30.14,18.4,22.4,1287.65,515.06
Clayey Loam,Isolated(Circular),15.9,20,17.74,1.34,1.49,2.5,14.83,6.4,5.39,459.17,183.67
Alluvial,Isolated(Rectangular),10.42,20,18.25,2.48,2.22,3.0,14.83,6.4,5.39,553.38,184.46
Clayey Loam,Isolated(Rectangular),12.11,25,17.65,2.46,2.4,3.0,20.72,10.66,10.88,944.2,314.73
Clayey Loam,Strip,14.45,20,17.34,1.27,2.32,2.5,14.83,6.4,5.39,463.65,185.46
Clayey Loam,Combined,27.86,25,18.58,2.05,2.65,2.5,20.72,10.66,10.88,1251.14,500.46
Silty Clay Loam,Isolated(Circular),18.22,25,18.79,2.16,2.8,3.0,20.72,10.66,10.88,1096.38,365.46
Clayey Loam,Strip,13.56,20,17.62,1.09,2.5,2.5,14.83,6.4,5.39,442.73,177.09
Silty Clay Loam,Combined,25.38,20,18.4,1.04,2.31,3.0,14.83,6.4,5.39,613.4,204.47
Silty Clay Loam,Isolated(Circular),15.78,25,18.61,1.63,2.16,3.0,20.72,10.66,10.88,869.0,289.67
Alluvial,Isolated(Rectangular),25.2,30,18.67,1.49,1.88,3.0,30.14,18.4,22.4,1664.5,554.83
Clayey Loam,Combined,10.09,20,17.56,0.9,1.78,3.0,14.83,6.4,5.39,335.02,111.67
Silty Clay Loam,Isolated(Rectangular),14.66,20,18.85,1.28,2.77,3.0,14.83,6.4,5.39,512.55,170.85
Clayey Loam,Isolated (Square),24.64,20,17.56,2.23,1.95,2.5,14.83,6.4,5.39,708.31,283.32
Silty Clay Loam,Isolated(Rectangular),29.44,30,17.44,2.1,1.42,3.0,30.14,18.4,22.4,1838.57,612.86
Clayey Loam,Isolated(Circular),21.66,25,17.06,2.31,2.98,2.5,20.72,10.66,10.88,1145.45,458.18
Silty Clay Loam,Combined,19.42,25,18.36,1.47,1.96,2.5,20.72,10.66,10.88,885.85,354.34
Silty Clay Loam,Isolated(Rectangular),13.42,20,17.26,1.02,2.67,3.0,14.83,6.4,5.39,435.89,145.3
Alluvial,Strip,29.82,30,18.96,2.05,2.39,2.5,30.14,18.4,22.4,2121.47,848.59
Alluvial,Isolated (Square),13.12,30,17.89,1.61,2.26,3.0,30.14,18.4,22.4,1378.24,459.41
Silty Clay Loam,Strip,20.39,25,18.32,1.73,1.86,3.0,20.72,10.66,10.88,945.7,315.23
Alluvial,Combined,16.63,25,18.69,2.07,2.51,3.0,20.72,10.66,10.88,1012.19,337.4
Alluvial,Isolated (Square),25.98,25,18.99,2.18,2.7,2.5,20.72,10.66,10.88,1258.54,503.42
Silty Clay Loam,Combined,25.76,30,18.87,2.2,1.28,3.0,30.14,18.4,22.4,1810.78,603.59
Clayey Loam,Combined,14.12,25,17.21,1.63,2.5,2.5,20.72,10.66,10.88,825.66,330.26
Clayey Loam,Isolated(Circular),20.41,30,18.73,1.37,2.95,2.5,30.14,18.4,22.4,1706.14,682.46
Clayey Loam,Strip,29.31,20,18.42,1.75,2.54,2.5,14.83,6.4,5.39,767.06,306.82
Alluvial,Isolated(Circular),18.85,20,18.52,1.87,1.65,2.5,14.83,6.4,5.39,583.55,233.42
Alluvial,Isolated(Circular),25.07,30,18.07,0.97,1.47,3.0,30.14,18.4,22.4,1375.63,458.54
Clayey Loam,Isolated (Square),14.87,20,17.85,2.35,2.63,2.5,14.83,6.4,5.39,615.5,246.2
Silty Clay Loam,Combined,17.88,30,18.27,1.25,1.5,3.0,30.14,18.4,22.4,1266.05,422.02
Clayey Loam,Isolated(Circular),10.05,25,17.7,1.37,2.33,3.0,20.72,10.66,10.88,691.08,230.36
Clayey Loam,Strip,20.04,30,18.88,1.98,2.64,2.5,30.14,18.4,22.4,1850.09,740.04
Alluvial,Isolated(Circular),13.66,30,17.48,1.66,2.3,2.5,30.14,18.4,22.4,1395.91,558.36
Clayey Loam,Isolated(Rectangular),16.81,25,18.99,2.07,1.08,2.5,20.72,10.66,10.88,878.91,351.56
Silty Clay Loam,Isolated (Square),29.88,30,18.3,2.01,1.75,2.5,30.14,18.4,22.4,1936.07,774.43
Silty Clay Loam,Isolated(Rectangular),13.69,30,18.27,2.43,1.07,2.5,30.14,18.4,22.4,1448.45,579.38
Clayey Loam,Combined,24.33,25,17.03,1.23,2.34,3.0,20.72,10.66,10.88,944.2,314.73
Alluvial,Isolated(Rectangular),12.39,25,18.03,2.09,1.77,3.0,20.72,10.66,10.88,832.03,277.34
Silty Clay Loam,Strip,20.73,20,18.42,0.97,2.45,2.5,14.83,6.4,5.39,543.4,217.36
Silty Clay Loam,Isolated (Square),27.87,25,18.79,2.24,1.53,3.0,20.72,10.66,10.88,1182.53,394.18
Silty Clay Loam,Isolated(Circular),27.78,20,17.3,1.36,1.74,2.5,14.83,6.4,5.39,643.68,257.47
Silty Clay Loam,Isolated(Circular),12.75,25,17.33,1.14,2.29,2.5,20.72,10.66,10.88,690.67,276.27
Alluvial,Isolated(Rectangular),18.69,30,18.0,1.13,2.2,2.5,30.14,18.4,22.4,1381.09,552.44
Clayey Loam,Isolated(Circular),24.19,25,18.26,1.18,1.79,2.5,20.72,10.66,10.88,908.71,363.48
Alluvial,Isolated (Square),12.11,20,17.88,2.01,2.92,2.5,14.83,6.4,5.39,550.3,220.12
Clayey Loam,Isolated(Rectangular),12.43,30,18.71,2.42,2.33,3.0,30.14,18.4,22.4,1696.02,565.34
Silty Clay Loam,Isolated(Rectangular),23.48,20,17.63,2.26,2.46,3.0,14.83,6.4,5.39,720.09,240.03
Alluvial,Isolated(Rectangular),15.83,20,18.32,1.16,1.66,2.5,14.83,6.4,5.39,452.72,181.09
Silty Clay Loam,Isolated(Circular),29.52,20,17.17,2.16,1.23,3.0,14.83,6.4,5.39,732.06,244.02
Clayey Loam,Isolated(Circular),21.91,20,18.46,1.05,2.85,2.5,14.83,6.4,5.39,590.76,236.3
Clayey Loam,Isolated(Circular),21.6,20,18.99,1.01,2.72,2.5,14.83,6.4,5.39,582.28,232.91
Clayey Loam,Strip,29.35,30,18.72,2.4,1.44,2.5,30.14,18.4,22.4,2013.2,805.28
Clayey Loam,Isolated(Circular),24.16,30,17.8,2.38,1.95,2.5,30.14,18.4,22.4,1896.43,758.57
Clayey Loam,Strip,26.79,25,18.89,2.03,2.82,2.5,20.72,10.66,10.88,1253.65,501.46
Alluvial,Isolated(Circular),14.13,30,17.5,1.93,2.95,3.0,30.14,18.4,22.4,1625.54,541.85
Alluvial,Strip,19.76,30,17.12,2.21,2.53,2.5,30.14,18.4,22.4,1776.85,710.74
Silty Clay Loam,Isolated(Circular),27.75,25,17.29,1.87,1.1,2.5,20.72,10.66,10.88,1023.11,409.24
Alluvial,Strip,10.72,20,17.84,2.08,1.34,3.0,14.83,6.4,5.39,460.89,153.63
Silty Clay Loam,Combined,12.76,30,18.47,1.8,1.49,3.0,30.14,18.4,22.4,1304.54,434.85
Alluvial,Strip,19.62,25,18.85,2.42,2.7,2.5,20.72,10.66,10.88,1169.67,467.87
Clayey Loam,Isolated (Square),10.51,20,17.14,2.0,2.36,3.0,14.83,6.4,5.39,484.27,161.42
Alluvial,Isolated(Rectangular),20.35,20,17.91,1.95,2.93,2.5,14.83,6.4,5.39,666.73,266.69
Alluvial,Combined,16.26,20,17.19,2.0,2.64,2.5,14.83,6.4,5.39,583.47,233.39
Silty Clay Loam,Isolated(Rectangular),26.92,25,18.97,0.89,1.05,2.5,20.72,10.66,10.88,846.12,338.45
Clayey Loam,Isolated(Rectangular),28.09,25,17.71,1.39,2.16,2.5,20.72,10.66,10.88,1052.54,421.02
Alluvial,Strip,16.0,30,17.74,1.83,2.1,3.0,30.14,18.4,22.4,1496.83,498.94
Alluvial,Combined,10.11,20,17.25,2.49,2.7,2.5,14.83,6.4,5.39,550.35,220.14
Silty Clay Loam,Combined,16.93,30,17.53,1.25,2.1,2.5,30.14,18.4,22.4,1325.77,530.31
Alluvial,Isolated (Square),22.59,25,17.33,2.24,2.23,3.0,20.72,10.66,10.88,1092.11,364.04
Clayey Loam,Strip,15.28,30,17.55,0.93,2.88,3.0,30.14,18.4,22.4,1326.95,442.32
Silty Clay Loam,Isolated(Circular),20.65,20,17.72,1.52,2.73,3.0,14.83,6.4,5.39,608.99,203.0
Alluvial,Strip,24.95,25,17.0,2.39,2.03,2.5,20.72,10.66,10.88,1137.81,455.12
Alluvial,Isolated(Circular),21.16,30,17.27,1.27,2.11,2.5,30.14,18.4,22.4,1449.45,579.78
Clayey Loam,Isolated(Circular),10.47,25,17.91,0.81,1.17,2.5,20.72,10.66,10.88,485.58,194.23
Silty Clay Loam,Isolated(Rectangular),28.33,25,18.2,2.02,2.75,2.5,20.72,10.66,10.88,1251.17,500.47
Silty Clay Loam,Isolated(Circular),24.52,20,17.14,1.0,2.12,2.5,14.83,6.4,5.39,571.26,228.5
Silty Clay Loam,Strip,11.08,30,17.5,2.38,2.98,2.5,30.14,18.4,22.4,1684.39,673.76
Clayey Loam,Isolated(Circular),12.28,30,17.88,1.4,2.44,2.5,30.14,18.4,22.4,1319.33,527.73
Silty Clay Loam,Isolated(Circular),20.75,30,17.74,1.62,1.3,2.5,30.14,18.4,22.4,1412.49,565.0
Clayey Loam,Strip,10.69,25,18.06,2.08,1.95,3.0,20.72,10.66,10.88,813.52,271.17
Alluvial,Isolated(Rectangular),11.77,20,17.38,1.53,2.99,3.0,14.83,6.4,5.39,484.78,161.59
Silty Clay Loam,Strip,25.49,25,18.92,1.09,2.97,2.5,20.72,10.66,10.88,1053.68,421.47
Silty Clay Loam,Isolated(Rectangular),10.05,20,17.42,1.36,1.83,2.5,14.83,6.4,5.39,386.58,154.63
Alluvial,Isolated(Circular),23.0,30,17.31,1.41,1.58,2.5,30.14,18.4,22.4,1448.63,579.45
Alluvial,Strip,19.83,20,17.68,2.45,1.99,3.0,14.83,6.4,5.39,666.12,222.04
Clayey Loam,Isolated (Square),24.62,30,17.8,1.72,2.0,2.5,30.14,18.4,22.4,1704.1,681.64
Clayey Loam,Isolated(Rectangular),16.88,25,18.71,1.42,1.59,2.5,20.72,10.66,10.88,794.8,317.92
Clayey Loam,Isolated(Rectangular),13.94,20,18.91,2.42,1.93,3.0,14.83,6.4,5.39,597.97,199.32
Silty Clay Loam,Combined,19.66,25,17.38,2.24,1.15,3.0,20.72,10.66,10.88,931.09,310.36
Alluvial,Isolated (Square),17.78,25,17.09,1.99,2.19,3.0,20.72,10.66,10.88,934.54,311.51
Clayey Loam,Isolated(Rectangular),20.69,30,18.26,1.18,1.18,3.0,30.14,18.4,22.4,1261.38,420.46
Silty Clay Loam,Isolated(Circular),18.9,20,18.6,1.56,2.74,3.0,14.83,6.4,5.39,603.34,201.11
Silty Clay Loam,Isolated(Circular),25.92,30,18.87,1.44,1.77,3.0,30.14,18.4,22.4,1655.29,551.76
Clayey Loam,Isolated(Circular),28.87,20,18.46,1.25,2.37,3.0,14.83,6.4,5.39,693.73,231.24
Alluvial,Isolated (Square),29.39,25,18.06,1.0,2.56,3.0,20.72,10.66,10.88,1052.99,351.0
Clayey Loam,Isolated(Rectangular),20.31,25,17.16,0.9,2.72,2.5,20.72,10.66,10.88,839.37,335.75
Clayey Loam,Strip,22.41,30,18.99,2.31,1.45,2.5,30.14,18.4,22.4,1790.99,716.4
Silty Clay Loam,Combined,29.81,20,18.27,2.28,1.49,2.5,14.83,6.4,5.39,782.04,312.82
Alluvial,Isolated (Square),12.01,25,17.69,1.61,2.22,2.5,20.72,10.66,10.88,766.09,306.44
Silty Clay Loam,Isolated(Rectangular),21.5,20,17.63,2.28,2.95,3.0,14.83,6.4,5.39,716.26,238.75
Clayey Loam,Isolated (Square),15.58,25,18.44,1.87,1.0,2.5,20.72,10.66,10.88,790.72,316.29
Silty Clay Loam,Isolated(Circular),27.15,25,18.73,1.31,2.94,3.0,20.72,10.66,10.88,1123.67,374.56
Silty Clay Loam,Combined,10.44,25,17.4,1.99,2.9,3.0,20.72,10.66,10.88,859.93,286.64
Clayey Loam,Isolated(Circular),18.48,25,18.76,1.27,1.89,2.5,20.72,10.66,10.88,829.77,331.91
Clayey Loam,Combined,23.49,25,18.56,1.59,1.02,2.5,20.72,10.66,10.88,904.28,361.71
Alluvial,Isolated(Rectangular),15.68,30,17.78,1.12,1.49,2.5,30.14,18.4,22.4,1135.72,454.29
Alluvial,Combined,18.75,20,18.59,1.69,1.73,3.0,14.83,6.4,5.39,565.81,188.6
Alluvial,Isolated (Square),20.98,25,17.88,0.82,2.53,2.5,20.72,10.66,10.88,837.08,334.83
Clayey Loam,Isolated(Circular),19.51,25,17.91,1.13,1.73,2.5,20.72,10.66,10.88,788.54,315.42
Clayey Loam,Strip,19.83,30,17.88,1.87,2.69,2.5,30.14,18.4,22.4,1751.58,700.63
Alluvial,Combined,16.33,25,17.16,1.63,1.18,3.0,20.72,10.66,10.88,746.68,248.89
Silty Clay Loam,Combined,24.46,25,17.26,1.84,2.69,2.5,20.72,10.66,10.88,1097.93,439.17
Clayey Loam,Strip,11.86,20,17.78,1.75,1.43,2.5,14.83,6.4,5.39,443.54,177.42
Alluvial,Isolated (Square),21.16,20,18.01,1.46,2.7,3.0,14.83,6.4,5.39,613.14,204.38
Clayey Loam,Isolated (Square),10.6,20,18.13,0.89,1.38,2.5,14.83,6.4,5.39,327.89,131.16
Clayey Loam,Isolated(Rectangular),23.7,25,18.56,1.85,2.0,3.0,20.72,10.66,10.88,1059.02,353.01
Alluvial,Isolated(Circular),10.95,20,18.73,0.91,1.83,3.0,14.83,6.4,5.39,363.85,121.28
Clayey Loam,Isolated(Rectangular),29.71,20,17.27,1.97,1.95,2.5,14.83,6.4,5.39,749.1,299.64
Alluvial,Strip,25.78,20,18.89,1.53,2.67,3.0,14.83,6.4,5.39,703.21,234.4
Alluvial,Isolated(Circular),18.08,20,17.86,1.64,1.27,3.0,14.83,6.4,5.39,516.71,172.24
Clayey Loam,Isolated(Circular),24.28,20,18.54,2.26,1.09,3.0,14.83,6.4,5.39,682.7,227.57
Silty Clay Loam,Isolated(Rectangular),11.08,20,18.27,1.48,1.23,2.5,14.83,6.4,5.39,397.93,159.17
Clayey Loam,Combined,26.48,25,18.1,2.12,2.36,2.5,20.72,10.66,10.88,1190.09,476.04
Silty Clay Loam,Combined,19.79,30,17.05,2.22,3.0,3.0,30.14,18.4,22.4,1865.81,621.94
Clayey Loam,Isolated(Rectangular),10.73,25,17.17,1.38,2.97,3.0,20.72,10.66,10.88,752.32,250.77
Clayey Loam,Combined,17.68,25,18.83,2.46,1.31,3.0,20.72,10.66,10.88,994.31,331.44
Alluvial,Isolated(Circular),24.58,25,18.32,1.28,1.03,3.0,20.72,10.66,10.88,861.92,287.31
Alluvial,Isolated(Circular),20.95,20,17.01,1.22,1.32,3.0,14.83,6.4,5.39,504.01,168.0
Clayey Loam,Isolated (Square),14.66,30,18.53,1.13,2.36,3.0,30.14,18.4,22.4,1316.91,438.97
Silty Clay Loam,Isolated(Circular),27.09,30,18.5,2.32,1.05,3.0,30.14,18.4,22.4,1823.78,607.93
Alluvial,Isolated (Square),10.11,20,17.14,1.64,2.32,2.5,14.83,6.4,5.39,437.0,174.8
Alluvial,Strip,20.2,20,17.6,1.28,2.93,3.0,14.83,6.4,5.39,582.72,194.24
Alluvial,Combined,21.62,30,18.26,1.44,2.0,2.5,30.14,18.4,22.4,1544.47,617.79
Clayey Loam,Strip,18.06,30,17.42,1.54,2.52,3.0,30.14,18.4,22.4,1529.6,509.87
Clayey Loam,Isolated(Rectangular),13.54,25,17.03,2.13,1.99,3.0,20.72,10.66,10.88,851.59,283.86
Silty Clay Loam,Isolated (Square),22.01,30,17.84,1.59,2.94,2.5,30.14,18.4,22.4,1772.74,709.1
Silty Clay Loam,Strip,19.6,20,17.39,1.12,1.35,2.5,14.83,6.4,5.39,478.59,191.44
Alluvial,Strip,15.45,25,17.54,1.46,1.5,3.0,20.72,10.66,10.88,736.24,245.41
Silty Clay Loam,Strip,24.54,30,18.52,0.92,2.05,2.5,30.14,18.4,22.4,1478.36,591.34
Alluvial,Strip,10.9,30,18.94,1.05,2.58,2.5,30.14,18.4,22.4,1241.74,496.7
Clayey Loam,Isolated(Circular),18.37,20,18.95,0.9,2.31,2.5,14.83,6.4,5.39,499.55,199.82
Silty Clay Loam,Isolated(Rectangular),27.13,30,17.11,1.48,2.48,2.5,30.14,18.4,22.4,1758.89,703.56
Alluvial,Isolated (Square),22.85,20,18.71,1.47,2.79,2.5,14.83,6.4,5.39,655.57,262.23
Alluvial,Isolated(Circular),22.21,25,18.97,1.7,1.92,3.0,20.72,10.66,10.88,1002.1,334.03
Silty Clay Loam,Combined,16.28,30,18.72,2.05,2.12,2.5,30.14,18.4,22.4,1641.29,656.52
Silty Clay Loam,Strip,24.65,30,18.65,2.4,1.33,3.0,30.14,18.4,22.4,1844.35,614.78
Clayey Loam,Isolated(Rectangular),23.23,25,18.5,2.07,1.86,3.0,20.72,10.66,10.88,1076.74,358.91
Alluvial,Isolated(Circular),26.43,30,17.73,1.51,1.75,3.0,30.14,18.4,22.4,1636.72,545.57
Clayey Loam,Strip,22.01,25,17.49,2.03,2.52,2.5,20.72,10.66,10.88,1074.29,429.72
Silty Clay Loam,Isolated (Square),24.69,30,17.84,0.86,2.45,3.0,30.14,18.4,22.4,1515.99,505.33
Clayey Loam,Isolated(Circular),19.51,30,17.98,1.21,2.23,3.0,30.14,18.4,22.4,1437.41,479.14
Alluvial,Isolated (Square),19.96,30,18.41,1.9,1.33,3.0,30.14,18.4,22.4,1519.44,506.48
Alluvial,Combined,21.08,25,17.44,1.56,2.7,3.0,20.72,10.66,10.88,982.96,327.65
Alluvial,Isolated (Square),26.58,30,18.38,2.23,1.79,3.0,30.14,18.4,22.4,1923.77,641.26
Clayey Loam,Strip,19.68,25,18.59,2.02,2.2,3.0,20.72,10.66,10.88,1030.56,343.52
Silty Clay Loam,Combined,24.48,25,17.11,1.23,2.24,3.0,20.72,10.66,10.88,940.06,313.35
Alluvial,Isolated(Circular),21.71,25,18.94,1.13,1.45,2.5,20.72,10.66,10.88,827.38,330.95
Alluvial,Isolated(Circular),15.61,25,17.62,1.84,1.47,3.0,20.72,10.66,10.88,809.95,269.98
Alluvial,Combined,15.49,25,18.48,1.07,2.87,2.5,20.72,10.66,10.88,820.26,328.1
Clayey Loam,Isolated (Square),29.28,20,18.44,1.07,2.0,2.5,14.83,6.4,5.39,659.89,263.96
Silty Clay Loam,Isolated(Circular),24.38,30,18.12,2.27,1.12,2.5,30.14,18.4,22.4,1718.95,687.58
Silty Clay Loam,Isolated(Rectangular),22.71,20,18.32,1.44,1.46,3.0,14.83,6.4,5.39,577.71,192.57
Clayey Loam,Isolated (Square),22.2,20,17.92,2.09,1.6,3.0,14.83,6.4,5.39,646.19,215.4
Clayey Loam,Isolated(Rectangular),24.53,25,18.95,1.3,1.91,2.5,20.72,10.66,10.88,967.77,387.11
Clayey Loam,Isolated(Circular),28.62,30,17.52,1.44,1.17,3.0,30.14,18.4,22.4,1556.4,518.8
Alluvial,Isolated (Square),19.08,20,17.04,2.03,1.59,3.0,14.83,6.4,5.39,577.36,192.45
Clayey Loam,Isolated(Circular),16.19,30,17.8,2.24,2.09,3.0,30.14,18.4,22.4,1638.27,546.09
Clayey Loam,Isolated(Circular),15.16,25,18.23,2.26,1.81,3.0,20.72,10.66,10.88,932.8,310.93
Silty Clay Loam,Isolated(Rectangular),29.2,25,18.92,1.89,2.52,3.0,20.72,10.66,10.88,1245.58,415.19
Clayey Loam,Strip,26.17,20,18.46,2.13,1.82,3.0,14.83,6.4,5.39,730.29,243.43
Silty Clay Loam,Isolated(Circular),16.64,25,18.6,2.46,1.11,2.5,20.72,10.66,10.88,944.85,377.94
Alluvial,Isolated(Circular),11.76,30,17.02,1.4,2.45,3.0,30.14,18.4,22.4,1259.91,419.97
Alluvial,Isolated(Circular),20.93,20,18.19,1.28,1.38,2.5,14.83,6.4,5.39,527.05,210.82
Clayey Loam,Isolated(Circular),12.75,25,18.67,2.3,2.36,2.5,20.72,10.66,10.88,961.62,384.65
Silty Clay Loam,Strip,28.12,20,18.37,1.35,2.38,3.0,14.83,6.4,5.39,693.56,231.19
Alluvial,Isolated(Rectangular),21.7,30,18.56,1.7,2.23,2.5,30.14,18.4,22.4,1698.15,679.26
Alluvial,Isolated(Circular),19.49,30,18.19,1.74,1.38,2.5,30.14,18.4,22.4,1450.94,580.38
Clayey Loam,Isolated(Rectangular),21.32,25,17.97,1.97,2.56,2.5,20.72,10.66,10.88,1069.38,427.75
Alluvial,Isolated(Rectangular),27.58,30,18.05,2.39,2.09,3.0,30.14,18.4,22.4,2047.54,682.51
Silty Clay Loam,Isolated(Circular),14.72,25,18.26,1.49,1.69,3.0,20.72,10.66,10.88,762.9,254.3
Clayey Loam,Isolated(Rectangular),28.1,30,18.65,2.35,1.27,3.0,30.14,18.4,22.4,1918.64,639.55
Silty Clay Loam,Strip,22.21,20,18.83,2.1,2.03,3.0,14.83,6.4,5.39,685.47,228.49
Silty Clay Loam,Combined,21.51,25,17.28,1.18,3.0,3.0,20.72,10.66,10.88,945.06,315.02
Clayey Loam,Strip,15.11,30,18.4,1.35,2.34,2.5,30.14,18.4,22.4,1394.7,557.88
Clayey Loam,Combined,14.67,20,17.93,1.3,2.27,2.5,14.83,6.4,5.39,476.42,190.57
Alluvial,Combined,15.76,20,18.85,0.82,1.08,3.0,14.83,6.4,5.39,387.51,129.17
Clayey Loam,Isolated (Square),19.08,25,17.3,1.05,2.3,3.0,20.72,10.66,10.88,805.43,268.48
Clayey Loam,Combined,21.31,25,17.09,1.08,1.41,3.0,20.72,10.66,10.88,769.38,256.46
Clayey Loam,Isolated(Rectangular),12.47,25,18.18,1.52,1.9,3.0,20.72,10.66,10.88,740.86,246.95
Silty Clay Loam,Isolated(Circular),29.79,20,18.54,1.5,2.7,2.5,14.83,6.4,5.39,754.68,301.87
Clayey Loam,Strip,19.24,20,17.86,1.06,2.84,2.5,14.83,6.4,5.39,543.19,217.28
Alluvial,Isolated(Rectangular),13.81,20,18.3,2.38,1.92,2.5,14.83,6.4,5.39,578.24,231.3
Silty Clay Loam,Isolated(Circular),28.97,20,17.5,1.08,1.27,2.5,14.83,6.4,5.39,610.48,244.19
Silty Clay Loam,Isolated(Rectangular),24.02,25,18.12,1.34,1.44,3.0,20.72,10.66,10.88,898.47,299.49
Clayey Loam,Strip,17.25,30,17.37,0.97,1.94,3.0,30.14,18.4,22.4,1207.35,402.45
Silty Clay Loam,Combined,24.93,20,17.17,0.9,1.69,3.0,14.83,6.4,5.39,546.81,182.27
Silty Clay Loam,Combined,10.97,20,18.6,1.44,1.19,2.5,14.83,6.4,5.39,393.75,157.5
Clayey Loam,Isolated(Circular),18.81,20,18.0,1.66,1.57,2.5,14.83,6.4,5.39,546.35,218.54
Alluvial,Combined,19.08,25,18.09,2.46,1.49,2.5,20.72,10.66,10.88,1016.35,406.54
Clayey Loam,Isolated (Square),11.56,20,17.44,1.78,1.07,3.0,14.83,6.4,5.39,420.4,140.13
Clayey Loam,Isolated(Rectangular),14.34,20,17.06,2.15,1.02,2.5,14.83,6.4,5.39,494.3,197.72
Alluvial,Isolated(Rectangular),25.94,30,18.36,1.65,2.9,3.0,30.14,18.4,22.4,1935.57,645.19
Clayey Loam,Isolated(Rectangular),29.03,25,18.92,1.9,1.62,3.0,20.72,10.66,10.88,1151.45,383.82
Clayey Loam,Isolated(Rectangular),20.47,30,18.84,2.01,1.52,3.0,30.14,18.4,22.4,1634.48,544.83
Alluvial,Strip,19.06,20,18.68,1.0,1.96,3.0,14.83,6.4,5.39,500.88,166.96
Alluvial,Isolated (Square),20.27,25,18.47,2.27,2.92,2.5,20.72,10.66,10.88,1160.33,464.13
Silty Clay Loam,Combined,18.56,25,17.39,1.23,2.01,3.0,20.72,10.66,10.88,802.73,267.58
Alluvial,Isolated(Circular),13.64,30,17.89,2.15,1.33,2.5,30.14,18.4,22.4,1385.33,554.13
Alluvial,Strip,18.65,25,17.82,0.92,1.96,3.0,20.72,10.66,10.88,751.2,250.4
Alluvial,Combined,16.66,20,18.57,1.93,1.7,3.0,14.83,6.4,5.39,561.52,187.17
Clayey Loam,Isolated(Circular),24.92,20,18.98,1.79,1.05,3.0,14.83,6.4,5.39,640.71,213.57
Clayey Loam,Isolated(Circular),14.71,30,17.61,1.67,2.64,2.5,30.14,18.4,22.4,1505.17,602.07
Silty Clay Loam,Isolated(Circular),12.16,20,17.84,2.14,2.94,3.0,14.83,6.4,5.39,566.02,188.67
Clayey Loam,Strip,20.63,25,17.88,1.04,1.35,3.0,20.72,10.66,10.88,756.99,252.33
Alluvial,Combined,17.07,25,17.59,1.72,2.85,2.5,20.72,10.66,10.88,948.92,379.57
Silty Clay Loam,Strip,29.4,20,17.73,1.72,2.69,2.5,14.83,6.4,5.39,759.71,303.88
Alluvial,Isolated(Rectangular),12.15,30,18.59,1.31,1.58,2.5,30.14,18.4,22.4,1143.26,457.3
Alluvial,Combined,20.34,25,18.7,2.2,1.99,3.0,20.72,10.66,10.88,1062.44,354.15
Clayey Loam,Isolated (Square),28.17,25,17.97,1.4,1.08,3.0,20.72,10.66,10.88,957.44,319.15
Clayey Loam,Isolated(Circular),14.01,20,17.28,2.36,2.97,2.5,14.83,6.4,5.39,607.08,242.83
Alluvial,Isolated(Circular),27.19,20,18.66,1.64,2.46,2.5,14.83,6.4,5.39,722.79,289.12
Silty Clay Loam,Combined,25.64,30,18.9,1.07,2.56,3.0,30.14,18.4,22.4,1686.79,562.26
Clayey Loam,Isolated (Square),29.18,30,17.12,1.01,2.96,2.5,30.14,18.4,22.4,1765.21,706.08
Silty Clay Loam,Isolated (Square),26.7,25,17.37,2.02,2.93,2.5,20.72,10.66,10.88,1204.12,481.65
Alluvial,Isolated (Square),16.74,20,18.46,2.16,2.45,2.5,14.83,6.4,5.39,625.33,250.13
Silty Clay Loam,Isolated(Circular),15.68,25,17.25,1.37,2.72,2.5,20.72,10.66,10.88,832.06,332.82
Silty Clay Loam,Isolated(Circular),24.7,25,18.8,1.76,2.42,2.5,20.72,10.66,10.88,1112.0,444.8
Alluvial,Isolated (Square),28.1,25,17.9,1.42,1.09,3.0,20.72,10.66,10.88,959.33,319.78
Alluvial,Strip,15.88,20,18.28,1.69,1.34,2.5,14.83,6.4,5.39,499.23,199.69
Silty Clay Loam,Strip,29.72,20,17.78,1.41,1.35,2.5,14.83,6.4,5.39,665.88,266.35
Clayey Loam,Strip,11.16,25,18.86,1.0,1.46,2.5,20.72,10.66,10.88,582.08,232.83
Clayey Loam,Isolated (Square),12.28,30,17.94,2.33,2.96,3.0,30.14,18.4,22.4,1733.99,578.0
Silty Clay Loam,Isolated(Circular),20.07,30,18.35,1.04,2.63,3.0,30.14,18.4,22.4,1496.57,498.86
Silty Clay Loam,Isolated (Square),13.02,25,18.44,1.71,1.54,2.5,20.72,10.66,10.88,760.39,304.16
Alluvial,Combined,18.11,30,18.4,2.04,2.95,3.0,30.14,18.4,22.4,1844.43,614.81
Clayey Loam,Strip,25.11,25,17.4,1.56,2.62,2.5,20.72,10.66,10.88,1057.63,423.05
Alluvial,Combined,19.77,20,17.11,1.91,1.9,3.0,14.83,6.4,5.39,589.95,196.65
Clayey Loam,Isolated (Square),27.21,30,17.99,1.37,2.6,3.0,30.14,18.4,22.4,1797.47,599.16
Clayey Loam,Combined,18.45,25,17.88,1.55,1.26,3.0,20.72,10.66,10.88,800.27,266.76
Alluvial,Combined,12.98,20,17.29,0.8,2.87,3.0,14.83,6.4,5.39,414.75,138.25
Clayey Loam,Strip,26.95,30,17.35,1.77,2.33,2.5,30.14,18.4,22.4,1830.09,732.04
Silty Clay Loam,Combined,19.1,30,17.53,1.25,2.46,2.5,30.14,18.4,22.4,1461.85,584.74
Alluvial,Isolated(Rectangular),23.96,30,18.21,2.47,2.57,3.0,30.14,18.4,22.4,2073.92,691.31
Silty Clay Loam,Isolated (Square),29.83,20,17.91,1.39,1.48,2.5,14.83,6.4,5.39,673.14,269.26
Clayey Loam,Isolated (Square),24.14,30,18.6,0.89,2.63,3.0,30.14,18.4,22.4,1580.05,526.68
Silty Clay Loam,Isolated(Circular),11.13,25,18.77,1.82,1.4,2.5,20.72,10.66,10.88,737.73,295.09
Alluvial,Isolated(Rectangular),28.84,20,17.3,0.98,1.65,2.5,14.83,6.4,5.39,613.13,245.25
Alluvial,Strip,27.16,20,17.79,1.08,2.94,3.0,14.83,6.4,5.39,666.7,222.23
Silty Clay Loam,Strip,28.65,30,18.81,1.07,1.21,3.0,30.14,18.4,22.4,1488.76,496.25
Clayey Loam,Combined,12.86,20,18.15,1.51,2.79,3.0,14.83,6.4,5.39,502.59,167.53
Alluvial,Strip,29.2,25,17.77,2.14,2.24,3.0,20.72,10.66,10.88,1226.94,408.98
Alluvial,Strip,15.69,20,17.5,1.49,1.51,2.5,14.83,6.4,5.39,470.78,188.31
Alluvial,Isolated (Square),21.94,20,18.75,1.81,1.31,2.5,14.83,6.4,5.39,608.77,243.51
Silty Clay Loam,Strip,22.76,30,17.85,1.35,1.74,3.0,30.14,18.4,22.4,1477.24,492.41
Silty Clay Loam,Isolated(Rectangular),19.37,30,17.31,1.02,1.78,3.0,30.14,18.4,22.4,1253.78,417.93
Silty Clay Loam,Combined,22.3,30,18.14,0.89,2.36,3.0,30.14,18.4,22.4,1448.66,482.89
Silty Clay Loam,Isolated (Square),11.57,20,17.08,1.61,2.47,3.0,14.83,6.4,5.39,461.27,153.76
Silty Clay Loam,Isolated(Circular),10.38,30,17.98,1.91,2.59,2.5,30.14,18.4,22.4,1466.31,586.52
Alluvial,Strip,28.71,20,17.68,2.3,2.99,3.0,14.83,6.4,5.39,828.49,276.16
Silty Clay Loam,Strip,10.03,30,18.29,1.9,1.39,2.5,30.14,18.4,22.4,1226.46,490.58
Alluvial,Isolated(Rectangular),23.4,25,18.87,0.96,2.19,2.5,20.72,10.66,10.88,902.77,361.11
Clayey Loam,Isolated(Circular),22.49,30,19.0,1.9,2.17,2.5,30.14,18.4,22.4,1803.86,721.54
Silty Clay Loam,Isolated (Square),22.82,20,18.23,2.49,1.49,3.0,14.83,6.4,5.39,702.14,234.05
Alluvial,Isolated(Circular),15.98,30,17.22,1.32,1.8,3.0,30.14,18.4,22.4,1247.03,415.68
Alluvial,Isolated(Rectangular),17.34,25,17.29,1.39,2.76,2.5,20.72,10.66,10.88,875.08,350.03
Silty Clay Loam,Isolated(Rectangular),14.37,20,18.77,1.59,2.16,3.0,14.83,6.4,5.39,513.37,171.12
Alluvial,Isolated(Rectangular),19.8,20,18.4,2.08,1.94,3.0,14.83,6.4,5.39,634.78,211.59
Clayey Loam,Isolated (Square),16.45,30,18.94,0.86,2.38,3.0,30.14,18.4,22.4,1300.37,433.46
Clayey Loam,Strip,28.25,25,17.58,1.11,1.8,3.0,20.72,10.66,10.88,965.5,321.83
Alluvial,Isolated (Square),24.66,25,17.21,2.24,2.24,2.5,20.72,10.66,10.88,1131.62,452.65
Alluvial,Combined,27.82,20,17.44,1.27,2.41,2.5,14.83,6.4,5.39,667.59,267.04
Alluvial,Isolated (Square),10.48,25,17.64,1.82,2.84,3.0,20.72,10.66,10.88,831.91,277.3
Clayey Loam,Combined,18.5,30,18.88,1.39,2.16,2.5,30.14,18.4,22.4,1497.21,598.88
Alluvial,Isolated(Rectangular),17.18,30,17.7,0.85,1.92,2.5,30.14,18.4,22.4,1175.25,470.1
Clayey Loam,Isolated (Square),13.51,30,18.16,2.14,1.33,3.0,30.14,18.4,22.4,1392.77,464.26
Silty Clay Loam,Isolated (Square),15.96,20,18.52,2.12,1.0,3.0,14.83,6.4,5.39,537.88,179.29
Alluvial,Isolated(Circular),11.54,25,18.8,1.13,1.36,3.0,20.72,10.66,10.88,604.66,201.55
Clayey Loam,Strip,12.82,20,17.37,1.01,1.21,3.0,14.83,6.4,5.39,359.04,119.68
Clayey Loam,Strip,28.02,30,18.96,1.49,1.25,3.0,30.14,18.4,22.4,1629.77,543.26
Clayey Loam,Strip,15.13,20,18.5,1.02,2.8,2.5,14.83,6.4,5.39,484.75,193.9
Clayey Loam,Isolated (Square),20.56,30,17.46,2.43,1.77,3.0,30.14,18.4,22.4,1746.48,582.16
Alluvial,Strip,14.0,30,17.41,1.07,1.36,2.5,30.14,18.4,22.4,1029.92,411.97
Silty Clay Loam,Combined,29.51,30,17.32,1.59,1.01,3.0,30.14,18.4,22.4,1592.07,530.69
Silty Clay Loam,Isolated (Square),10.19,30,17.93,1.28,2.21,2.5,30.14,18.4,22.4,1173.22,469.29
Clayey Loam,Isolated (Square),16.91,25,18.84,1.37,2.1,3.0,20.72,10.66,10.88,840.75,280.25
Alluvial,Strip,23.04,30,17.27,1.95,2.33,3.0,30.14,18.4,22.4,1764.75,588.25
Alluvial,Isolated(Circular),15.78,25,18.0,0.94,1.03,2.5,20.72,10.66,10.88,608.19,243.28
Clayey Loam,Isolated(Rectangular),28.38,20,18.2,2.25,1.43,2.5,14.83,6.4,5.39,753.1,301.24
Clayey Loam,Combined,17.81,20,18.18,1.43,1.96,3.0,14.83,6.4,5.39,526.54,175.51
Alluvial,Isolated (Square),18.83,20,18.92,2.04,2.88,2.5,14.83,6.4,5.39,673.12,269.25
Clayey Loam,Strip,10.14,20,18.78,0.95,1.18,2.5,14.83,6.4,5.39,324.28,129.71
Clayey Loam,Isolated(Rectangular),22.86,25,18.97,2.42,2.49,3.0,20.72,10.66,10.88,1219.99,406.66
Clayey Loam,Combined,25.72,30,18.14,1.55,1.47,2.5,30.14,18.4,22.4,1591.21,636.48
Clayey Loam,Isolated(Circular),28.18,30,18.4,2.06,2.57,2.5,30.14,18.4,22.4,2076.4,830.56
Alluvial,Isolated (Square),15.41,20,18.06,0.87,1.57,3.0,14.83,6.4,5.39,405.5,135.17
Clayey Loam,Isolated(Rectangular),28.05,20,17.94,1.51,2.11,3.0,14.83,6.4,5.39,691.37,230.46
Silty Clay Loam,Isolated(Circular),22.75,30,18.75,1.29,1.61,3.0,30.14,18.4,22.4,1468.84,489.61
Clayey Loam,Strip,12.79,30,18.84,2.46,1.51,2.5,30.14,18.4,22.4,1556.89,622.76
Silty Clay Loam,Strip,19.7,30,18.28,1.66,1.4,2.5,30.14,18.4,22.4,1438.73,575.49
Silty Clay Loam,Isolated (Square),22.57,20,17.47,2.32,2.56,2.5,14.83,6.4,5.39,714.64,285.86
Silty Clay Loam,Strip,16.82,20,17.66,2.3,1.38,3.0,14.83,6.4,5.39,575.08,191.69
Silty Clay Loam,Combined,25.68,20,17.78,0.9,2.42,2.5,14.83,6.4,5.39,599.21,239.68
Alluvial,Isolated(Rectangular),12.63,25,18.22,1.53,1.8,3.0,20.72,10.66,10.88,737.27,245.76
Clayey Loam,Combined,11.43,30,17.84,1.19,2.83,2.5,30.14,18.4,22.4,1300.58,520.23
Clayey Loam,Isolated (Square),11.53,20,18.05,1.15,2.05,2.5,14.83,6.4,5.39,403.56,161.42
Clayey Loam,Isolated(Rectangular),12.96,25,17.23,1.09,1.9,2.5,20.72,10.66,10.88,646.82,258.73
Clayey Loam,Isolated (Square),13.2,20,17.51,0.87,2.95,3.0,14.83,6.4,5.39,432.46,144.15
Alluvial,Isolated(Rectangular),21.13,30,18.3,1.2,2.01,3.0,30.14,18.4,22.4,1452.89,484.3
Alluvial,Isolated(Circular),11.22,30,17.4,2.46,2.32,3.0,30.14,18.4,22.4,1577.89,525.96
Alluvial,Isolated(Rectangular),11.25,25,18.18,1.54,1.95,2.5,20.72,10.66,10.88,724.4,289.76
Clayey Loam,Strip,25.98,25,17.98,1.65,1.11,2.5,20.72,10.66,10.88,963.13,385.25
Clayey Loam,Combined,12.95,30,18.88,2.2,2.77,3.0,30.14,18.4,22.4,1740.31,580.1
Clayey Loam,Isolated(Circular),14.55,20,18.41,1.64,2.79,3.0,14.83,6.4,5.39,547.43,182.48
Silty Clay Loam,Isolated(Circular),29.18,30,17.53,0.91,2.2,2.5,30.14,18.4,22.4,1604.95,641.98
Clayey Loam,Isolated (Square),21.49,30,17.02,2.3,1.77,2.5,30.14,18.4,22.4,1705.4,682.16
Clayey Loam,Strip,19.63,20,17.34,2.47,2.82,2.5,14.83,6.4,5.39,697.01,278.8
Alluvial,Isolated(Rectangular),14.86,30,17.89,2.05,1.54,3.0,30.14,18.4,22.4,1431.26,477.09
Silty Clay Loam,Isolated(Circular),10.64,25,17.43,1.91,2.27,2.5,20.72,10.66,10.88,790.59,316.24
Silty Clay Loam,Isolated (Square),13.69,30,17.39,1.31,1.9,3.0,30.14,18.4,22.4,1201.84,400.61
Clayey Loam,Isolated(Rectangular),29.01,25,18.07,2.15,2.72,2.5,20.72,10.66,10.88,1282.61,513.04
Clayey Loam,Strip,27.1,25,18.33,0.95,2.86,3.0,20.72,10.66,10.88,1032.33,344.11
Alluvial,Isolated (Square),20.44,30,18.11,1.89,1.08,3.0,30.14,18.4,22.4,1464.91,488.3
Alluvial,Isolated(Rectangular),18.38,30,17.69,1.99,1.83,3.0,30.14,18.4,22.4,1564.28,521.43
Clayey Loam,Isolated(Rectangular),25.43,30,18.55,0.89,1.3,3.0,30.14,18.4,22.4,1340.32,446.77
Silty Clay Loam,Isolated(Rectangular),29.77,20,18.65,1.11,2.91,3.0,14.83,6.4,5.39,720.24,240.08
Silty Clay Loam,Strip,29.76,30,18.49,2.23,2.6,2.5,30.14,18.4,22.4,2194.08,877.63
Alluvial,Isolated(Circular),27.08,25,17.4,1.86,1.89,2.5,20.72,10.66,10.88,1085.0,434.0
Silty Clay Loam,Isolated (Square),12.94,25,17.78,2.41,1.1,3.0,20.72,10.66,10.88,831.29,277.1
Alluvial,Isolated(Rectangular),15.53,30,18.87,1.13,2.27,2.5,30.14,18.4,22.4,1340.17,536.07
Silty Clay Loam,Isolated(Rectangular),21.88,25,18.66,2.42,2.67,2.5,20.72,10.66,10.88,1205.76,482.3
Clayey Loam,Combined,26.38,20,18.57,2.16,1.81,3.0,14.83,6.4,5.39,738.51,246.17
Clayey Loam,Isolated(Circular),23.56,30,17.54,1.05,2.19,3.0,30.14,18.4,22.4,1479.19,493.06
Silty Clay Loam,Isolated(Rectangular),27.01,30,18.48,0.83,2.69,3.0,30.14,18.4,22.4,1653.07,551.02
Alluvial,Strip,17.32,25,18.38,2.25,1.98,3.0,20.72,10.66,10.88,997.69,332.56
Alluvial,Combined,14.55,30,18.59,1.16,2.58,3.0,30.14,18.4,22.4,1372.5,457.5
Silty Clay Loam,Isolated (Square),21.05,30,18.6,1.77,2.59,3.0,30.14,18.4,22.4,1779.76,593.25
Clayey Loam,Isolated(Circular),22.53,30,18.99,2.39,1.14,2.5,30.14,18.4,22.4,1756.62,702.65
Alluvial,Isolated(Circular),21.49,30,17.53,2.22,1.25,3.0,30.14,18.4,22.4,1609.19,536.4
Clayey Loam,Strip,25.24,25,17.21,1.34,2.5,2.5,20.72,10.66,10.88,1002.86,401.14
Silty Clay Loam,Combined,14.02,20,18.38,1.26,1.89,2.5,14.83,6.4,5.39,449.75,179.9
Silty Clay Loam,Isolated(Rectangular),15.19,30,18.5,2.04,2.71,2.5,30.14,18.4,22.4,1713.75,685.5
Clayey Loam,Isolated(Rectangular),18.38,20,17.17,0.85,1.68,2.5,14.83,6.4,5.39,443.72,177.49
Alluvial,Combined,21.23,30,18.29,1.09,2.9,3.0,30.14,18.4,22.4,1600.76,533.59
Alluvial,Isolated(Rectangular),17.69,25,18.87,1.08,2.85,3.0,20.72,10.66,10.88,876.34,292.11
Clayey Loam,Isolated(Circular),26.91,30,17.87,2.44,1.72,3.0,30.14,18.4,22.4,1957.61,652.54
Silty Clay Loam,Isolated (Square),25.93,25,18.16,1.83,2.92,3.0,20.72,10.66,10.88,1180.0,393.33
Silty Clay Loam,Isolated (Square),16.54,30,18.53,1.6,1.57,2.5,30.14,18.4,22.4,1369.87,547.95
Silty Clay Loam,Isolated(Circular),21.9,25,18.79,2.09,2.46,3.0,20.72,10.66,10.88,1123.85,374.62
Alluvial,Isolated(Rectangular),23.29,20,18.76,1.11,2.44,3.0,14.83,6.4,5.39,602.02,200.67
Alluvial,Isolated(Circular),21.79,20,18.87,2.15,1.5,2.5,14.83,6.4,5.39,659.08,263.63
Silty Clay Loam,Combined,10.17,30,17.28,0.99,2.71,3.0,30.14,18.4,22.4,1145.78,381.93
Silty Clay Loam,Isolated(Circular),18.57,25,18.77,2.18,1.24,3.0,20.72,10.66,10.88,947.58,315.86
Silty Clay Loam,Isolated (Square),22.22,20,17.34,0.92,2.32,2.5,14.83,6.4,5.39,540.04,216.02
Clayey Loam,Combined,17.96,30,18.13,1.18,2.86,2.5,30.14,18.4,22.4,1515.69,606.28
Silty Clay Loam,Isolated(Circular),13.95,20,18.73,0.99,1.49,3.0,14.83,6.4,5.39,400.76,133.59
Silty Clay Loam,Isolated (Square),10.37,20,17.1,0.82,2.02,3.0,14.83,6.4,5.39,336.62,112.21
Clayey Loam,Strip,28.18,20,18.55,1.81,1.17,3.0,14.83,6.4,5.39,691.28,230.43
Alluvial,Isolated (Square),21.64,25,18.11,2.02,1.51,2.5,20.72,10.66,10.88,987.11,394.84
Alluvial,Isolated(Rectangular),11.06,25,18.99,1.87,2.61,2.5,20.72,10.66,10.88,877.34,350.94
Clayey Loam,Strip,27.28,30,17.15,1.55,2.42,2.5,30.14,18.4,22.4,1776.17,710.47
Clayey Loam,Strip,22.76,30,17.6,0.97,2.8,2.5,30.14,18.4,22.4,1552.05,620.82
Silty Clay Loam,Combined,24.34,20,18.63,1.78,2.1,3.0,14.83,6.4,5.39,678.63,226.21
Alluvial,Combined,29.67,25,17.96,2.28,1.09,2.5,20.72,10.66,10.88,1157.77,463.11
Clayey Loam,Combined,25.37,20,18.86,1.55,2.42,3.0,14.83,6.4,5.39,686.33,228.78
Alluvial,Isolated(Circular),22.66,25,18.87,1.64,1.24,2.5,20.72,10.66,10.88,926.7,370.68
Clayey Loam,Isolated(Rectangular),12.83,20,17.93,1.62,1.18,2.5,14.83,6.4,5.39,433.19,173.28
Silty Clay Loam,Isolated (Square),28.09,20,18.23,1.54,1.73,2.5,14.83,6.4,5.39,681.24,272.5
Silty Clay Loam,Strip,19.66,25,18.07,2.13,1.08,2.5,20.72,10.66,10.88,923.81,369.52
Alluvial,Isolated (Square),10.44,20,17.41,1.04,1.02,2.5,14.83,6.4,5.39,318.56,127.42
Alluvial,Isolated (Square),12.13,20,18.09,1.82,2.87,2.5,14.83,6.4,5.39,530.52,212.21
Clayey Loam,Isolated(Circular),21.78,30,17.29,2.27,2.56,3.0,30.14,18.4,22.4,1874.36,624.79
Silty Clay Loam,Strip,18.21,30,17.04,0.81,2.21,3.0,30.14,18.4,22.4,1224.59,408.2
Alluvial,Isolated (Square),13.55,20,17.34,1.77,2.73,3.0,14.83,6.4,5.39,524.95,174.98
Silty Clay Loam,Isolated(Rectangular),15.92,25,18.85,1.18,2.71,2.5,20.72,10.66,10.88,844.87,337.95
Silty Clay Loam,Isolated(Rectangular),13.3,30,17.08,1.23,2.38,2.5,30.14,18.4,22.4,1242.7,497.08
Alluvial,Isolated(Circular),18.59,25,17.18,1.97,2.84,3.0,20.72,10.66,10.88,1011.39,337.13
Silty Clay Loam,Strip,25.49,30,17.5,0.8,1.44,3.0,30.14,18.4,22.4,1308.11,436.04
Silty Clay Loam,Isolated (Square),13.72,30,17.57,0.94,1.82,2.5,30.14,18.4,22.4,1075.56,430.22
Alluvial,Isolated(Rectangular),26.77,30,18.19,2.18,2.05,2.5,30.14,18.4,22.4,1954.13,781.65
Clayey Loam,Isolated(Rectangular),12.84,25,17.59,1.86,1.3,3.0,20.72,10.66,10.88,739.21,246.4
Alluvial,Combined,25.39,20,17.13,0.88,1.05,2.5,14.83,6.4,5.39,521.48,208.59
Clayey Loam,Isolated(Rectangular),15.33,25,17.98,2.34,2.65,2.5,20.72,10.66,10.88,1025.34,410.14
Clayey Loam,Strip,26.36,30,17.59,0.83,2.99,3.0,30.14,18.4,22.4,1652.18,550.73
Silty Clay Loam,Isolated(Circular),19.78,20,18.2,1.0,1.04,3.0,14.83,6.4,5.39,460.83,153.61
Silty Clay Loam,Isolated (Square),14.13,25,17.43,2.01,2.82,2.5,20.72,10.66,10.88,933.63,373.45
Clayey Loam,Isolated (Square),20.21,30,17.45,1.08,1.04,3.0,30.14,18.4,22.4,1159.15,386.38
Clayey Loam,Combined,25.8,25,17.68,1.18,1.04,2.5,20.72,10.66,10.88,857.0,342.8
Clayey Loam,Combined,23.64,25,17.99,1.78,2.16,3.0,20.72,10.66,10.88,1042.57,347.52
Alluvial,Strip,23.09,30,18.55,1.19,1.77,2.5,30.14,18.4,22.4,1469.84,587.94
Alluvial,Combined,14.59,30,18.93,1.62,2.99,2.5,30.14,18.4,22.4,1637.94,655.18
Alluvial,Isolated(Circular),27.77,20,18.36,2.1,2.2,2.5,14.83,6.4,5.39,767.44,306.98
Clayey Loam,Isolated(Circular),18.15,25,18.88,2.04,2.41,2.5,20.72,10.66,10.88,1034.16,413.66
Silty Clay Loam,Isolated(Rectangular),15.64,30,18.15,2.08,1.64,3.0,30.14,18.4,22.4,1499.41,499.8
Clayey Loam,Isolated(Circular),10.5,25,17.12,1.18,1.16,2.5,20.72,10.66,10.88,540.94,216.38
Alluvial,Isolated(Rectangular),23.38,25,17.66,1.25,1.65,2.5,20.72,10.66,10.88,878.27,351.31
Clayey Loam,Strip,19.27,20,18.58,2.13,2.78,3.0,14.83,6.4,5.39,678.26,226.09
Silty Clay Loam,Combined,20.7,25,17.35,0.86,1.84,3.0,20.72,10.66,10.88,761.63,253.88
Silty Clay Loam,Isolated (Square),26.59,30,18.31,2.39,2.44,2.5,30.14,18.4,22.4,2107.0,842.8
Clayey Loam,Isolated (Square),15.88,20,18.19,0.85,1.6,2.5,14.83,6.4,5.39,412.89,165.16
Alluvial,Isolated(Circular),18.32,30,18.78,1.1,2.96,3.0,30.14,18.4,22.4,1554.87,518.29
Silty Clay Loam,Combined,13.85,20,17.02,1.66,2.96,2.5,14.83,6.4,5.39,521.99,208.8
Alluvial,Combined,24.93,30,17.86,1.05,1.28,2.5,30.14,18.4,22.4,1352.49,541.0
Silty Clay Loam,Isolated(Rectangular),29.51,25,17.9,1.22,2.39,3.0,20.72,10.66,10.88,1076.97,358.99
Clayey Loam,Strip,15.78,30,18.34,2.2,1.65,3.0,30.14,18.4,22.4,1556.94,518.98
Alluvial,Isolated (Square),26.82,20,17.47,2.04,1.82,3.0,14.83,6.4,5.39,711.52,237.17
Silty Clay Loam,Combined,28.76,25,17.19,1.06,1.31,2.5,20.72,10.66,10.88,912.65,365.06
Silty Clay Loam,Isolated(Rectangular),16.95,30,17.51,1.89,1.38,3.0,30.14,18.4,22.4,1390.44,463.48
Alluvial,Isolated(Circular),17.08,30,17.97,1.67,1.23,2.5,30.14,18.4,22.4,1314.53,525.81
Silty Clay Loam,Isolated(Rectangular),24.76,25,17.52,1.95,1.98,3.0,20.72,10.66,10.88,1065.93,355.31
Alluvial,Isolated (Square),19.7,20,18.09,1.67,2.58,3.0,14.83,6.4,5.39,611.28,203.76
Alluvial,Isolated(Circular),13.42,25,17.61,1.05,1.07,3.0,20.72,10.66,10.88,577.68,192.56
Alluvial,Combined,10.43,25,18.62,1.91,2.94,2.5,20.72,10.66,10.88,893.02,357.21
Clayey Loam,Isolated(Circular),25.77,25,17.81,1.57,1.8,3.0,20.72,10.66,10.88,1006.42,335.47
Clayey Loam,Isolated (Square),22.56,30,18.56,1.37,2.82,3.0,30.14,18.4,22.4,1734.02,578.01
Alluvial,Strip,13.32,20,18.64,2.3,2.06,2.5,14.83,6.4,5.39,575.4,230.16
Alluvial,Isolated(Rectangular),18.98,20,17.93,1.08,1.53,2.5,14.83,6.4,5.39,479.34,191.74
Clayey Loam,Isolated(Rectangular),29.92,30,18.61,1.93,2.92,3.0,30.14,18.4,22.4,2171.29,723.76
Clayey Loam,Combined,12.25,30,17.21,2.46,1.9,3.0,30.14,18.4,22.4,1514.44,504.81
Clayey Loam,Isolated (Square),24.62,30,17.83,2.29,1.21,3.0,30.14,18.4,22.4,1734.96,578.32
Alluvial,Combined,13.75,20,18.34,2.23,1.39,3.0,14.83,6.4,5.39,534.36,178.12
Clayey Loam,Isolated(Rectangular),20.16,25,18.8,2.07,1.88,2.5,20.72,10.66,10.88,1024.83,409.93
Silty Clay Loam,Strip,16.93,20,17.31,2.35,1.96,3.0,14.83,6.4,5.39,602.85,200.95
Alluvial,Strip,17.03,20,17.93,2.42,1.85,3.0,14.83,6.4,5.39,619.65,206.55
Alluvial,Isolated (Square),14.16,30,17.15,1.74,1.07,2.5,30.14,18.4,22.4,1181.38,472.55
Alluvial,Isolated(Rectangular),18.1,30,18.93,0.89,1.84,3.0,30.14,18.4,22.4,1245.64,415.21
Alluvial,Isolated(Circular),23.62,20,18.77,1.32,1.12,2.5,14.83,6.4,5.39,565.51,226.2
Clayey Loam,Isolated (Square),15.46,25,18.51,1.59,3.0,3.0,20.72,10.66,10.88,936.15,312.05
Clayey Loam,Isolated(Circular),13.05,30,18.14,1.87,1.81,2.5,30.14,18.4,22.4,1385.22,554.09
Clayey Loam,Isolated (Square),29.27,20,17.01,1.95,2.35,2.5,14.83,6.4,5.39,754.09,301.64
Alluvial,Isolated(Rectangular),24.25,25,18.88,1.35,1.81,3.0,20.72,10.66,10.88,960.06,320.02
Silty Clay Loam,Isolated (Square),21.21,30,17.98,2.03,1.74,3.0,30.14,18.4,22.4,1661.25,553.75
Alluvial,Isolated(Circular),12.56,25,18.29,1.79,1.61,2.5,20.72,10.66,10.88,769.43,307.77
Silty Clay Loam,Isolated(Circular),21.02,25,17.82,1.52,2.32,2.5,20.72,10.66,10.88,949.18,379.67
Silty Clay Loam,Combined,29.94,30,17.18,1.48,1.25,2.5,30.14,18.4,22.4,1610.76,644.3
Clayey Loam,Combined,28.53,30,17.71,1.89,2.63,2.5,30.14,18.4,22.4,1997.44,798.98
Alluvial,Isolated(Rectangular),18.6,30,18.76,1.3,1.39,2.5,30.14,18.4,22.4,1301.4,520.56
Clayey Loam,Isolated(Rectangular),18.96,30,17.71,1.04,2.71,3.0,30.14,18.4,22.4,1447.89,482.63
Alluvial,Isolated(Circular),24.98,30,18.6,2.2,1.46,2.5,30.14,18.4,22.4,1809.97,723.99
Clayey Loam,Combined,27.02,25,17.99,1.41,2.43,3.0,20.72,10.66,10.88,1068.07,356.02
Clayey Loam,Isolated(Rectangular),18.49,30,18.66,1.18,2.35,2.5,30.14,18.4,22.4,1453.57,581.43
Clayey Loam,Combined,17.24,20,17.38,1.65,1.03,3.0,14.83,6.4,5.39,487.45,162.48
Silty Clay Loam,Isolated(Rectangular),18.75,20,17.13,2.11,1.18,2.5,14.83,6.4,5.39,563.86,225.54
Silty Clay Loam,Isolated(Circular),20.22,30,18.65,1.65,2.28,2.5,30.14,18.4,22.4,1651.89,660.76
Clayey Loam,Isolated (Square),15.65,20,18.17,0.86,1.45,3.0,14.83,6.4,5.39,403.1,134.37
Silty Clay Loam,Isolated(Circular),22.34,30,18.25,1.07,1.28,2.5,30.14,18.4,22.4,1294.27,517.71
Silty Clay Loam,Isolated (Square),19.71,20,18.95,2.11,1.18,2.5,14.83,6.4,5.39,608.46,243.38
Clayey Loam,Combined,23.76,30,17.23,1.73,1.14,3.0,30.14,18.4,22.4,1484.58,494.86
Clayey Loam,Isolated(Circular),27.31,30,18.94,2.39,2.2,3.0,30.14,18.4,22.4,2122.71,707.57
Clayey Loam,Combined,12.06,20,17.56,0.87,1.02,3.0,14.83,6.4,5.39,324.89,108.3
Clayey Loam,Strip,11.23,30,19.0,2.09,2.54,3.0,30.14,18.4,22.4,1609.65,536.55
Clayey Loam,Combined,28.19,25,18.14,1.35,2.56,2.5,20.72,10.66,10.88,1097.77,439.11
Clayey Loam,Strip,10.39,25,17.68,1.01,1.27,3.0,20.72,10.66,10.88,527.78,175.93
Alluvial,Isolated(Circular),28.69,20,18.75,1.79,2.12,2.5,14.83,6.4,5.39,747.4,298.96
Clayey Loam,Strip,17.7,20,18.23,1.84,1.87,2.5,14.83,6.4,5.39,569.04,227.62
Silty Clay Loam,Combined,25.71,25,17.32,0.88,1.78,3.0,20.72,10.66,10.88,862.9,287.63
Alluvial,Isolated (Square),17.27,20,18.76,1.91,2.95,3.0,14.83,6.4,5.39,634.58,211.53
Silty Clay Loam,Isolated(Circular),17.34,25,18.73,1.18,1.98,3.0,20.72,10.66,10.88,796.63,265.54
Silty Clay Loam,Isolated (Square),13.89,30,18.22,1.44,2.03,2.5,30.14,18.4,22.4,1315.65,526.26
Silty Clay Loam,Combined,15.23,30,17.1,0.86,1.37,2.5,30.14,18.4,22.4,992.01,396.8
Clayey Loam,Combined,14.19,20,17.48,1.07,2.15,3.0,14.83,6.4,5.39,431.42,143.81
Silty Clay Loam,Strip,18.59,25,18.85,2.48,2.99,2.5,20.72,10.66,10.88,1190.13,476.05
Clayey Loam,Isolated(Rectangular),14.2,30,18.1,1.45,1.88,2.5,30.14,18.4,22.4,1292.01,516.8
Alluvial,Isolated(Rectangular),21.38,25,18.07,1.62,1.99,3.0,20.72,10.66,10.88,950.67,316.89
Silty Clay Loam,Combined,20.69,25,18.71,1.39,1.89,2.5,20.72,10.66,10.88,898.3,359.32
Alluvial,Isolated(Rectangular),16.09,30,17.66,1.69,2.11,3.0,30.14,18.4,22.4,1451.45,483.82
Clayey Loam,Strip,15.31,25,18.96,2.05,2.41,3.0,20.72,10.66,10.88,980.13,326.71
Silty Clay Loam,Strip,10.15,25,17.74,1.94,1.29,3.0,20.72,10.66,10.88,701.67,233.89
Clayey Loam,Isolated(Circular),29.85,30,18.68,1.36,1.34,3.0,30.14,18.4,22.4,1647.48,549.16
Alluvial,Isolated(Rectangular),25.5,30,17.46,2.12,2.72,3.0,30.14,18.4,22.4,1981.55,660.52
Silty Clay Loam,Isolated(Circular),23.8,20,18.51,1.04,2.09,3.0,14.83,6.4,5.39,580.42,193.47
Alluvial,Strip,21.25,20,17.51,2.13,2.5,2.5,14.83,6.4,5.39,671.81,268.72
Alluvial,Isolated(Rectangular),28.29,25,17.98,1.22,1.33,3.0,20.72,10.66,10.88,950.09,316.7
Silty Clay Loam,Combined,24.42,20,18.59,2.06,2.94,2.5,14.83,6.4,5.39,754.53,301.81
Clayey Loam,Isolated (Square),24.74,20,17.83,1.63,2.52,3.0,14.83,6.4,5.39,673.99,224.66
Clayey Loam,Isolated (Square),27.84,25,17.86,1.05,1.63,3.0,20.72,10.66,10.88,935.12,311.71
Clayey Loam,Combined,19.04,25,17.92,1.98,1.26,2.5,20.72,10.66,10.88,895.57,358.23
Alluvial,Isolated (Square),21.96,25,18.24,1.91,2.08,2.5,20.72,10.66,10.88,1032.78,413.11
Clayey Loam,Isolated(Rectangular),29.5,30,17.87,1.23,1.26,3.0,30.14,18.4,22.4,1545.75,515.25
Silty Clay Loam,Isolated(Rectangular),26.76,30,17.66,1.02,1.25,3.0,30.14,18.4,22.4,1385.23,461.74
Alluvial,Strip,11.92,20,18.37,0.88,1.87,2.5,14.83,6.4,5.39,372.81,149.12
Alluvial,Strip,18.9,25,17.53,1.47,1.69,3.0,20.72,10.66,10.88,827.47,275.82
Silty Clay Loam,Isolated(Circular),13.76,25,18.55,1.98,2.36,2.5,20.72,10.66,10.88,914.79,365.92
Clayey Loam,Strip,13.8,30,18.65,1.45,2.72,3.0,30.14,18.4,22.4,1481.67,493.89
Clayey Loam,Strip,12.47,20,18.49,1.52,2.97,3.0,14.83,6.4,5.39,512.8,170.93
Alluvial,Combined,20.63,25,18.76,1.62,1.8,3.0,20.72,10.66,10.88,935.12,311.71
Silty Clay Loam,Strip,23.95,30,17.76,2.05,2.36,3.0,30.14,18.4,22.4,1861.19,620.4
Clayey Loam,Isolated(Rectangular),17.02,30,18.99,2.04,2.97,2.5,30.14,18.4,22.4,1857.47,742.99
Alluvial,Strip,15.75,20,18.57,2.06,1.48,2.5,14.83,6.4,5.39,552.47,220.99
Silty Clay Loam,Strip,18.53,25,17.72,2.35,2.35,3.0,20.72,10.66,10.88,1054.38,351.46
Alluvial,Isolated(Rectangular),11.64,30,17.3,2.24,1.15,2.5,30.14,18.4,22.4,1286.69,514.68
Silty Clay Loam,Isolated (Square),25.6,20,18.4,1.87,2.58,2.5,14.83,6.4,5.39,727.8,291.12
Silty Clay Loam,Combined,17.34,25,17.24,2.33,2.37,3.0,20.72,10.66,10.88,1009.76,336.59
Clayey Loam,Isolated(Rectangular),23.41,20,18.53,2.25,2.31,2.5,14.83,6.4,5.39,729.36,291.74
Clayey Loam,Isolated(Circular),22.06,20,17.35,1.25,2.88,3.0,14.83,6.4,5.39,600.61,200.2
Clayey Loam,Isolated (Square),15.47,20,18.02,2.3,2.51,3.0,14.83,6.4,5.39,616.57,205.52
Clayey Loam,Isolated(Circular),12.02,25,17.45,0.84,1.08,3.0,20.72,10.66,10.88,507.83,169.28
Alluvial,Isolated (Square),24.16,25,17.13,1.98,1.74,3.0,20.72,10.66,10.88,1024.3,341.43
Silty Clay Loam,Strip,17.38,30,17.02,1.79,2.7,3.0,30.14,18.4,22.4,1599.09,533.03
Alluvial,Isolated(Rectangular),20.11,25,17.63,1.11,1.89,2.5,20.72,10.66,10.88,806.55,322.62
Silty Clay Loam,Combined,23.66,25,17.9,0.92,1.95,2.5,20.72,10.66,10.88,855.67,342.27
Silty Clay Loam,Combined,13.84,30,17.64,1.98,1.48,3.0,30.14,18.4,22.4,1352.2,450.73
Silty Clay Loam,Isolated(Circular),29.41,30,18.85,1.81,2.62,3.0,30.14,18.4,22.4,2067.33,689.11
Silty Clay Loam,Combined,13.25,25,17.42,1.75,1.13,3.0,20.72,10.66,10.88,706.59,235.53
Clayey Loam,Isolated (Square),16.83,20,18.54,2.0,1.64,2.5,14.83,6.4,5.39,568.84,227.54
Clayey Loam,Combined,27.03,30,17.08,1.55,1.56,2.5,30.14,18.4,22.4,1600.23,640.09
Clayey Loam,Combined,13.93,30,18.29,2.33,1.67,3.0,30.14,18.4,22.4,1546.08,515.36
Silty Clay Loam,Strip,13.32,20,17.26,1.25,1.19,2.5,14.83,6.4,5.39,390.97,156.39
Alluvial,Strip,22.71,25,18.73,1.08,2.02,2.5,20.72,10.66,10.88,892.01,356.8
Alluvial,Isolated(Circular),23.14,20,17.76,1.05,1.71,3.0,14.83,6.4,5.39,544.36,181.45
Alluvial,Strip,27.14,30,17.12,1.0,1.2,2.5,30.14,18.4,22.4,1363.1,545.24
Silty Clay Loam,Isolated (Square),10.65,20,18.22,2.17,1.26,3.0,14.83,6.4,5.39,472.85,157.62
Silty Clay Loam,Strip,11.23,20,18.65,2.4,2.34,2.5,14.83,6.4,5.39,570.62,228.25
Clayey Loam,Isolated (Square),10.56,25,17.93,0.84,2.04,3.0,20.72,10.66,10.88,578.34,192.78
Silty Clay Loam,Combined,23.54,30,18.6,1.18,1.45,2.5,30.14,18.4,22.4,1415.4,566.16
Silty Clay Loam,Combined,13.04,25,17.44,1.96,1.65,2.5,20.72,10.66,10.88,791.11,316.44
Clayey Loam,Isolated(Circular),11.25,30,18.46,1.98,2.09,2.5,30.14,18.4,22.4,1443.72,577.49
Silty Clay Loam,Isolated(Circular),16.37,30,17.87,1.05,1.86,3.0,30.14,18.4,22.4,1210.91,403.64
Alluvial,Strip,29.56,20,18.37,1.03,2.08,2.5,14.83,6.4,5.39,662.44,264.98
Clayey Loam,Isolated (Square),20.47,20,18.98,2.15,2.04,3.0,14.83,6.4,5.39,669.08,223.03
Alluvial,Isolated(Circular),28.04,20,18.98,1.39,1.47,3.0,14.83,6.4,5.39,659.87,219.96
Silty Clay Loam,Strip,15.74,20,18.63,2.34,1.89,2.5,14.83,6.4,5.39,607.32,242.93
Alluvial,Isolated(Rectangular),12.65,25,17.28,1.17,1.88,3.0,20.72,10.66,10.88,654.35,218.12
Alluvial,Isolated(Rectangular),17.48,20,17.35,2.39,2.63,3.0,14.83,6.4,5.39,647.59,215.86
Silty Clay Loam,Isolated (Square),27.54,30,17.41,0.81,2.5,3.0,30.14,18.4,22.4,1577.01,525.67
Silty Clay Loam,Strip,11.26,20,18.36,1.56,1.35,3.0,14.83,6.4,5.39,417.09,139.03
Alluvial,Combined,10.65,25,17.43,1.05,1.82,2.5,20.72,10.66,10.88,588.33,235.33
Clayey Loam,Isolated (Square),13.37,25,17.46,0.99,2.79,3.0,20.72,10.66,10.88,726.29,242.1
Alluvial,Isolated(Circular),15.36,25,18.76,0.86,2.51,2.5,20.72,10.66,10.88,746.4,298.56
Silty Clay Loam,Isolated(Rectangular),26.88,25,18.29,1.76,2.15,3.0,20.72,10.66,10.88,1114.02,371.34
Silty Clay Loam,Isolated (Square),16.91,30,18.26,1.35,2.69,2.5,30.14,18.4,22.4,1513.38,605.35
Clayey Loam,Isolated(Rectangular),15.41,30,17.3,1.9,1.56,2.5,30.14,18.4,22.4,1371.53,548.61
Alluvial,Isolated(Rectangular),14.68,25,18.39,1.01,2.93,2.5,20.72,10.66,10.88,795.29,318.12
Alluvial,Isolated(Circular),19.66,20,17.17,1.59,2.41,2.5,14.83,6.4,5.39,577.8,231.12
Silty Clay Loam,Strip,12.15,30,17.23,1.83,1.18,3.0,30.14,18.4,22.4,1174.08,391.36
Silty Clay Loam,Isolated (Square),18.26,25,17.67,1.06,2.37,2.5,20.72,10.66,10.88,805.83,322.33
Clayey Loam,Isolated (Square),29.76,25,18.13,1.06,1.25,3.0,20.72,10.66,10.88,944.77,314.92
Clayey Loam,Isolated(Circular),14.2,20,18.09,2.24,1.12,2.5,14.83,6.4,5.39,524.53,209.81
Clayey Loam,Strip,18.24,25,17.75,1.06,1.39,3.0,20.72,10.66,10.88,712.72,237.57
Silty Clay Loam,Isolated (Square),17.58,20,18.19,2.25,1.58,2.5,14.83,6.4,5.39,600.1,240.04
Silty Clay Loam,Isolated(Rectangular),24.88,20,17.78,0.84,2.1,2.5,14.83,6.4,5.39,565.18,226.07
Alluvial,Isolated (Square),21.81,25,18.38,2.44,1.17,2.5,20.72,10.66,10.88,1046.96,418.78
Silty Clay Loam,Isolated(Circular),18.53,30,17.29,1.8,2.48,2.5,30.14,18.4,22.4,1611.39,644.56
Silty Clay Loam,Strip,19.81,20,18.75,2.4,2.32,2.5,14.83,6.4,5.39,699.01,279.6
Clayey Loam,Isolated(Rectangular),25.38,25,17.45,1.66,1.19,3.0,20.72,10.66,10.88,947.63,315.88
Clayey Loam,Combined,25.91,20,18.35,1.36,2.11,3.0,14.83,6.4,5.39,648.31,216.1
Clayey Loam,Combined,18.6,25,17.13,0.87,2.64,3.0,20.72,10.66,10.88,790.27,263.42
Silty Clay Loam,Isolated(Circular),27.85,25,18.57,2.08,1.41,2.5,20.72,10.66,10.88,1131.24,452.5
Clayey Loam,Isolated(Circular),24.04,20,18.07,2.15,1.06,2.5,14.83,6.4,5.39,656.78,262.71
Silty Clay Loam,Strip,10.4,25,18.93,2.04,1.12,2.5,20.72,10.66,10.88,742.48,296.99
Silty Clay Loam,Isolated(Rectangular),16.67,30,18.4,1.43,2.36,3.0,30.14,18.4,22.4,1472.92,490.97
Alluvial,Isolated (Square),27.75,25,17.94,2.3,2.38,3.0,20.72,10.66,10.88,1247.11,415.7
Silty Clay Loam,Strip,26.46,25,19.0,2.45,1.5,2.5,20.72,10.66,10.88,1199.51,479.8
Clayey Loam,Strip,28.4,30,18.89,0.95,2.0,3.0,30.14,18.4,22.4,1609.31,536.44
Clayey Loam,Isolated(Circular),12.39,30,18.64,1.41,1.79,3.0,30.14,18.4,22.4,1230.73,410.24
Alluvial,Strip,23.82,25,18.63,2.15,1.82,2.5,20.72,10.66,10.88,1104.98,441.99
Alluvial,Isolated(Circular),11.88,25,17.18,1.49,1.53,3.0,20.72,10.66,10.88,662.02,220.67
Silty Clay Loam,Isolated(Circular),26.32,20,17.26,1.07,1.45,3.0,14.83,6.4,5.39,575.97,191.99
Silty Clay Loam,Strip,15.62,30,18.31,1.63,2.49,2.5,30.14,18.4,22.4,1530.57,612.23
Alluvial,Strip,18.08,25,18.26,1.88,2.75,3.0,20.72,10.66,10.88,1013.73,337.91
Alluvial,Isolated(Circular),16.06,25,18.4,1.07,1.01,3.0,20.72,10.66,10.88,643.73,214.58
Alluvial,Isolated(Rectangular),24.95,30,17.67,2.47,1.11,2.5,30.14,18.4,22.4,1774.73,709.89
Silty Clay Loam,Isolated (Square),28.34,20,17.5,0.95,1.96,2.5,14.83,6.4,5.39,619.12,247.65
Silty Clay Loam,Isolated (Square),27.62,30,17.51,2.4,2.07,2.5,30.14,18.4,22.4,2011.66,804.66
Silty Clay Loam,Isolated (Square),15.47,30,17.94,1.81,2.36,2.5,30.14,18.4,22.4,1537.93,615.17
Alluvial,Isolated(Rectangular),29.2,20,18.6,2.09,1.52,2.5,14.83,6.4,5.39,758.02,303.21
Clayey Loam,Strip,22.04,25,17.38,1.35,1.25,2.5,20.72,10.66,10.88,824.97,329.99
Clayey Loam,Strip,26.83,25,18.23,2.13,2.29,2.5,20.72,10.66,10.88,1196.95,478.78
Silty Clay Loam,Isolated(Circular),11.56,30,17.72,2.07,1.0,3.0,30.14,18.4,22.4,1221.8,407.27
Silty Clay Loam,Combined,19.61,30,17.48,2.28,2.4,2.5,30.14,18.4,22.4,1794.23,717.69
Alluvial,Isolated (Square),13.26,30,18.54,1.96,2.79,3.0,30.14,18.4,22.4,1647.62,549.21
Clayey Loam,Isolated (Square),28.33,25,17.45,2.33,2.77,3.0,20.72,10.66,10.88,1283.37,427.79
Alluvial,Strip,12.31,20,17.3,1.88,1.02,2.5,14.83,6.4,5.39,438.27,175.31
Silty Clay Loam,Combined,17.31,30,17.14,2.44,2.92,2.5,30.14,18.4,22.4,1851.79,740.72
Clayey Loam,Strip,23.1,25,17.17,1.08,1.8,3.0,20.72,10.66,10.88,844.44,281.48
Clayey Loam,Isolated(Rectangular),19.01,30,17.68,1.61,1.83,2.5,30.14,18.4,22.4,1459.08,583.63
Alluvial,Isolated (Square),20.06,30,17.14,2.48,1.02,3.0,30.14,18.4,22.4,1582.55,527.52
Alluvial,Isolated(Circular),26.01,25,18.05,1.39,1.18,2.5,20.72,10.66,10.88,922.25,368.9
Clayey Loam,Strip,14.63,25,18.55,1.55,1.04,2.5,20.72,10.66,10.88,714.58,285.83
Silty Clay Loam,Combined,16.21,30,18.44,1.24,2.16,2.5,30.14,18.4,22.4,1355.4,542.16
Clayey Loam,Combined,16.96,20,18.66,1.84,2.58,2.5,14.83,6.4,5.39,601.0,240.4
Clayey Loam,Isolated(Rectangular),17.09,25,18.8,1.91,2.58,3.0,20.72,10.66,10.88,1000.75,333.58
Silty Clay Loam,Isolated(Rectangular),26.61,30,18.9,1.98,2.73,2.5,30.14,18.4,22.4,2068.48,827.39
Silty Clay Loam,Isolated (Square),15.3,30,18.8,1.52,1.62,3.0,30.14,18.4,22.4,1328.05,442.68
Alluvial,Isolated(Circular),25.08,25,18.84,1.46,2.15,3.0,20.72,10.66,10.88,1033.23,344.41
Silty Clay Loam,Isolated(Circular),22.39,30,18.26,1.06,1.92,2.5,30.14,18.4,22.4,1423.64,569.46
Clayey Loam,Isolated(Circular),17.88,20,18.28,1.73,1.35,3.0,14.83,6.4,5.39,534.06,178.02
Silty Clay Loam,Isolated(Rectangular),22.93,20,18.22,1.09,2.64,2.5,14.83,6.4,5.39,596.79,238.72
Alluvial,Strip,12.66,25,17.59,0.9,1.45,3.0,20.72,10.66,10.88,569.82,189.94
Silty Clay Loam,Isolated(Rectangular),17.0,20,17.64,1.94,1.21,3.0,14.83,6.4,5.39,528.65,176.22
Alluvial,Isolated(Circular),15.63,20,18.27,2.44,1.47,3.0,14.83,6.4,5.39,589.48,196.49
Silty Clay Loam,Isolated(Circular),25.71,20,17.05,2.22,2.35,2.5,14.83,6.4,5.39,731.51,292.6
Silty Clay Loam,Isolated(Circular),28.69,30,18.33,1.2,2.94,3.0,30.14,18.4,22.4,1873.01,624.34
Alluvial,Isolated (Square),23.76,30,18.46,1.33,2.25,2.5,30.14,18.4,22.4,1633.07,653.23
Alluvial,Isolated(Rectangular),24.29,20,17.37,2.12,2.6,2.5,14.83,6.4,5.39,717.61,287.04
Alluvial,Isolated(Rectangular),19.94,30,18.88,0.86,2.33,3.0,30.14,18.4,22.4,1392.44,464.15
Silty Clay Loam,Isolated(Circular),20.76,25,18.24,1.72,1.8,2.5,20.72,10.66,10.88,943.19,377.28
Clayey Loam,Strip,14.4,20,17.31,0.86,2.17,3.0,14.83,6.4,5.39,410.06,136.69
Clayey Loam,Isolated(Circular),13.65,20,17.82,2.46,1.63,2.5,14.83,6.4,5.39,561.27,224.51
Alluvial,Isolated (Square),10.12,30,18.85,1.5,2.81,2.5,30.14,18.4,22.4,1418.52,567.41
Silty Clay Loam,Strip,24.37,25,18.27,1.88,2.24,3.0,20.72,10.66,10.88,1093.72,364.57
Alluvial,Isolated (Square),11.92,25,17.92,2.31,2.07,2.5,20.72,10.66,10.88,890.05,356.02
Alluvial,Isolated(Rectangular),21.94,25,18.74,2.38,2.48,2.5,20.72,10.66,10.88,1182.87,473.15
Silty Clay Loam,Isolated(Rectangular),12.77,30,17.29,1.49,1.75,2.5,30.14,18.4,22.4,1197.79,479.12
Clayey Loam,Combined,25.19,20,17.18,1.73,1.93,2.5,14.83,6.4,5.39,653.14,261.26
Alluvial,Isolated(Rectangular),19.19,25,18.37,1.98,1.47,3.0,20.72,10.66,10.88,932.25,310.75
Silty Clay Loam,Isolated(Rectangular),16.88,30,18.47,1.93,2.68,3.0,30.14,18.4,22.4,1719.07,573.02
Clayey Loam,Isolated (Square),11.66,30,17.41,1.85,2.99,3.0,30.14,18.4,22.4,1527.09,509.03
Alluvial,Combined,15.06,30,17.76,1.36,1.55,2.5,30.14,18.4,22.4,1206.65,482.66
Alluvial,Strip,23.77,25,18.42,1.68,1.12,2.5,20.72,10.66,10.88,934.62,373.85
Alluvial,Isolated(Rectangular),16.11,25,17.27,1.91,1.95,3.0,20.72,10.66,10.88,868.63,289.54
Silty Clay Loam,Isolated(Rectangular),26.46,20,17.14,1.19,1.56,2.5,14.83,6.4,5.39,595.0,238.0
Clayey Loam,Strip,19.02,20,18.44,1.55,1.29,2.5,14.83,6.4,5.39,529.1,211.64
Clayey Loam,Isolated (Square),10.46,25,18.9,1.31,2.77,3.0,20.72,10.66,10.88,765.46,255.15
Clayey Loam,Strip,21.17,30,18.77,0.96,1.47,3.0,30.14,18.4,22.4,1278.65,426.22
Silty Clay Loam,Combined,18.38,20,18.55,2.24,2.09,3.0,14.83,6.4,5.39,642.99,214.33
Silty Clay Loam,Strip,19.26,30,17.57,0.87,1.91,2.5,30.14,18.4,22.4,1237.61,495.04
Clayey Loam,Isolated(Rectangular),19.57,30,18.47,1.7,2.37,3.0,30.14,18.4,22.4,1657.85,552.62
Clayey Loam,Combined,20.32,30,18.17,1.46,1.48,2.5,30.14,18.4,22.4,1401.75,560.7
Alluvial,Isolated(Rectangular),16.34,20,19.0,2.26,1.24,3.0,14.83,6.4,5.39,580.63,193.54
Clayey Loam,Combined,29.14,20,17.08,1.14,1.62,2.5,14.83,6.4,5.39,631.33,252.53
Alluvial,Isolated (Square),20.97,25,18.61,2.42,2.82,3.0,20.72,10.66,10.88,1200.08,400.03
Alluvial,Isolated(Rectangular),18.03,30,18.17,1.11,1.43,3.0,30.14,18.4,22.4,1205.54,401.85
Silty Clay Loam,Isolated (Square),11.66,30,17.26,0.87,2.48,3.0,30.14,18.4,22.4,1107.14,369.05
Silty Clay Loam,Isolated(Rectangular),13.18,30,18.14,1.13,1.1,3.0,30.14,18.4,22.4,997.9,332.63
Clayey Loam,Combined,20.82,20,17.23,2.41,2.77,3.0,14.83,6.4,5.39,703.14,234.38
Clayey Loam,Isolated(Circular),15.94,20,17.85,1.49,1.48,3.0,14.83,6.4,5.39,477.8,159.27
Clayey Loam,Isolated(Rectangular),19.54,30,18.54,2.25,2.58,3.0,30.14,18.4,22.4,1892.22,630.74
Alluvial,Isolated (Square),18.17,30,18.59,1.13,2.13,2.5,30.14,18.4,22.4,1377.65,551.06
Clayey Loam,Isolated(Circular),13.3,30,18.41,2.12,1.68,3.0,30.14,18.4,22.4,1465.4,488.47
Silty Clay Loam,Isolated(Circular),15.47,30,18.13,2.25,1.62,2.5,30.14,18.4,22.4,1545.8,618.32
Silty Clay Loam,Isolated(Rectangular),21.66,25,17.8,1.1,1.6,2.5,20.72,10.66,10.88,812.45,324.98
Silty Clay Loam,Isolated (Square),23.17,30,17.15,2.5,1.22,2.5,30.14,18.4,22.4,1721.58,688.63
Alluvial,Strip,24.6,30,18.68,2.34,2.17,2.5,30.14,18.4,22.4,1999.73,799.89
Clayey Loam,Isolated(Rectangular),27.09,20,17.13,1.22,2.0,3.0,14.83,6.4,5.39,627.83,209.28
Silty Clay Loam,Isolated(Circular),29.57,25,17.72,1.08,1.38,3.0,20.72,10.66,10.88,949.72,316.57
Alluvial,Isolated(Circular),22.88,25,18.76,1.11,2.97,2.5,20.72,10.66,10.88,999.15,399.66
Clayey Loam,Isolated (Square),28.27,30,17.33,1.16,1.74,3.0,30.14,18.4,22.4,1559.68,519.89
Alluvial,Combined,10.01,30,18.29,1.98,1.12,2.5,30.14,18.4,22.4,1197.47,478.99
Clayey Loam,Isolated(Circular),25.89,30,18.18,1.21,1.89,3.0,30.14,18.4,22.4,1569.92,523.31
Clayey Loam,Isolated(Rectangular),14.41,25,18.22,1.49,1.09,3.0,20.72,10.66,10.88,696.01,232.0
Alluvial,Isolated(Circular),27.47,25,18.7,2.23,2.35,2.5,20.72,10.66,10.88,1252.77,501.11
Clayey Loam,Isolated(Rectangular),20.88,30,18.02,1.35,1.1,3.0,30.14,18.4,22.4,1298.95,432.98
Clayey Loam,Isolated (Square),13.53,25,17.95,1.99,2.55,3.0,20.72,10.66,10.88,910.12,303.37
Silty Clay Loam,Isolated(Rectangular),24.36,30,17.55,1.58,2.52,2.5,30.14,18.4,22.4,1739.76,695.9
Clayey Loam,Isolated(Rectangular),25.48,30,18.57,1.54,1.72,2.5,30.14,18.4,22.4,1651.9,660.76
Silty Clay Loam,Isolated (Square),29.83,30,18.11,0.99,2.17,3.0,30.14,18.4,22.4,1669.11,556.37
Silty Clay Loam,Strip,21.5,25,17.09,1.04,2.65,3.0,20.72,10.66,10.88,881.32,293.77
Silty Clay Loam,Isolated (Square),24.81,25,17.68,1.03,2.45,2.5,20.72,10.66,10.88,943.83,377.53
Clayey Loam,Combined,17.18,30,18.49,1.77,1.19,2.5,30.14,18.4,22.4,1366.42,546.57
Silty Clay Loam,Isolated(Rectangular),11.64,30,18.44,1.33,1.13,3.0,30.14,18.4,22.4,1035.47,345.16
Alluvial,Isolated(Circular),13.26,25,18.17,1.77,1.98,2.5,20.72,10.66,10.88,813.3,325.32
Silty Clay Loam,Isolated (Square),13.62,25,17.27,1.64,2.35,2.5,20.72,10.66,10.88,804.91,321.96
Clayey Loam,Strip,21.46,30,18.81,1.77,2.4,2.5,30.14,18.4,22.4,1765.02,706.01
Alluvial,Isolated(Circular),21.72,30,18.45,1.87,1.01,3.0,30.14,18.4,22.4,1498.17,499.39
Alluvial,Isolated (Square),24.95,30,18.22,1.16,1.83,2.5,30.14,18.4,22.4,1514.32,605.73
Alluvial,Isolated(Circular),27.08,25,18.39,1.58,1.59,2.5,20.72,10.66,10.88,1029.9,411.96
Alluvial,Isolated(Circular),13.14,25,17.21,1.07,1.36,3.0,20.72,10.66,10.88,595.89,198.63
Silty Clay Loam,Isolated(Circular),26.25,30,18.69,1.68,2.36,2.5,30.14,18.4,22.4,1862.93,745.17
Silty Clay Loam,Isolated (Square),18.88,20,17.11,2.21,1.94,2.5,14.83,6.4,5.39,611.45,244.58
Clayey Loam,Isolated (Square),27.91,25,17.65,1.77,1.01,3.0,20.72,10.66,10.88,1008.3,336.1
Alluvial,Isolated(Circular),10.9,30,17.74,1.0,2.08,3.0,30.14,18.4,22.4,1068.21,356.07
Clayey Loam,Isolated(Circular),13.92,25,18.75,1.94,1.43,3.0,20.72,10.66,10.88,822.04,274.01
Silty Clay Loam,Isolated(Rectangular),29.08,25,17.26,1.85,2.57,3.0,20.72,10.66,10.88,1184.23,394.74
Silty Clay Loam,Strip,15.22,25,17.12,0.86,2.89,2.5,20.72,10.66,10.88,741.46,296.58
Silty Clay Loam,Combined,23.96,30,18.12,2.33,1.63,3.0,30.14,18.4,22.4,1829.79,609.93
Alluvial,Isolated(Circular),12.93,20,17.2,2.26,2.36,3.0,14.83,6.4,5.39,549.93,183.31
Silty Clay Loam,Isolated(Rectangular),26.29,25,18.69,1.07,1.21,3.0,20.72,10.66,10.88,880.94,293.65
Clayey Loam,Isolated (Square),28.12,25,18.24,1.44,1.84,3.0,20.72,10.66,10.88,1045.21,348.4
Clayey Loam,Combined,11.31,20,18.27,1.51,2.99,2.5,14.83,6.4,5.39,491.51,196.6
Alluvial,Isolated (Square),16.89,30,17.71,1.18,1.17,3.0,30.14,18.4,22.4,1125.66,375.22
Alluvial,Isolated(Rectangular),25.16,25,18.0,1.7,1.88,3.0,20.72,10.66,10.88,1031.6,343.87
Silty Clay Loam,Strip,29.36,20,18.33,1.16,1.44,3.0,14.83,6.4,5.39,642.63,214.21
Silty Clay Loam,Strip,11.21,25,18.93,0.92,2.69,3.0,20.72,10.66,10.88,694.94,231.65
Clayey Loam,Strip,23.42,20,17.18,0.88,1.54,2.5,14.83,6.4,5.39,515.38,206.15
Alluvial,Isolated(Rectangular),21.05,30,17.49,1.04,1.84,3.0,30.14,18.4,22.4,1329.57,443.19
Silty Clay Loam,Combined,20.1,30,18.08,2.3,1.44,3.0,30.14,18.4,22.4,1662.55,554.18
Clayey Loam,Isolated(Rectangular),21.27,25,18.2,2.42,2.13,2.5,20.72,10.66,10.88,1121.11,448.44
Silty Clay Loam,Isolated (Square),23.27,20,18.66,1.6,1.04,2.5,14.83,6.4,5.39,588.47,235.39
Clayey Loam,Isolated (Square),21.49,30,18.87,2.4,1.55,2.5,30.14,18.4,22.4,1808.59,723.44
Silty Clay Loam,Isolated(Circular),21.98,20,18.41,2.02,2.38,2.5,14.83,6.4,5.39,682.05,272.82
Alluvial,Isolated (Square),13.1,30,18.5,2.1,1.08,2.5,30.14,18.4,22.4,1333.45,533.38
Clayey Loam,Isolated(Circular),25.84,20,18.76,0.99,1.78,3.0,14.83,6.4,5.39,592.06,197.35
Alluvial,Isolated(Circular),16.03,20,17.4,2.27,1.7,2.5,14.83,6.4,5.39,570.23,228.09
Alluvial,Combined,28.35,30,18.23,1.17,2.61,3.0,30.14,18.4,22.4,1779.82,593.27
Silty Clay Loam,Isolated(Rectangular),15.3,25,17.42,1.42,2.21,3.0,20.72,10.66,10.88,790.14,263.38
Alluvial,Strip,24.78,20,18.39,2.01,1.42,3.0,14.83,6.4,5.39,674.43,224.81
Silty Clay Loam,Isolated(Rectangular),20.97,25,17.84,2.35,2.05,2.5,20.72,10.66,10.88,1080.36,432.14
Alluvial,Isolated(Circular),14.09,30,18.44,0.89,2.7,3.0,30.14,18.4,22.4,1284.27,428.09
Alluvial,Isolated(Rectangular),24.92,25,17.67,0.82,2.04,3.0,20.72,10.66,10.88,866.89,288.96
Clayey Loam,Combined,16.59,20,17.8,1.87,1.93,3.0,14.83,6.4,5.39,551.64,183.88
Alluvial,Strip,24.7,20,17.7,1.1,1.06,3.0,14.83,6.4,5.39,541.47,180.49
Alluvial,Combined,25.87,30,18.78,1.98,2.5,3.0,30.14,18.4,22.4,1989.75,663.25
Silty Clay Loam,Isolated (Square),26.49,30,17.21,2.11,2.43,2.5,30.14,18.4,22.4,1934.96,773.98
Silty Clay Loam,Isolated (Square),18.97,25,18.21,1.41,2.7,2.5,20.72,10.66,10.88,934.23,373.69
Clayey Loam,Isolated(Rectangular),25.01,25,18.08,2.46,1.22,2.5,20.72,10.66,10.88,1112.32,444.93
Silty Clay Loam,Isolated(Rectangular),18.36,20,17.8,0.82,2.42,2.5,14.83,6.4,5.39,481.78,192.71
Clayey Loam,Strip,17.23,20,17.42,0.85,2.45,2.5,14.83,6.4,5.39,465.31,186.12
Alluvial,Combined,28.26,20,18.87,1.88,1.5,3.0,14.83,6.4,5.39,722.42,240.81
Clayey Loam,Isolated (Square),18.28,30,18.54,2.37,1.19,2.5,30.14,18.4,22.4,1606.55,642.62
Clayey Loam,Isolated(Circular),20.53,20,18.75,1.21,2.15,3.0,14.83,6.4,5.39,558.3,186.1
Clayey Loam,Isolated (Square),25.64,30,17.51,0.81,2.76,3.0,30.14,18.4,22.4,1575.03,525.01
Silty Clay Loam,Isolated (Square),25.23,25,18.59,1.43,2.19,2.5,20.72,10.66,10.88,1027.62,411.05
Clayey Loam,Isolated (Square),28.76,20,18.71,1.21,1.36,2.5,14.83,6.4,5.39,639.98,255.99
Alluvial,Combined,24.89,30,17.02,1.8,1.61,3.0,30.14,18.4,22.4,1620.79,540.26
Clayey Loam,Isolated(Circular),26.63,30,18.74,1.94,1.4,3.0,30.14,18.4,22.4,1765.41,588.47
Clayey Loam,Combined,17.82,20,18.88,1.35,2.69,2.5,14.83,6.4,5.39,564.27,225.71
Silty Clay Loam,Combined,20.52,25,17.17,0.92,2.12,3.0,20.72,10.66,10.88,791.58,263.86
Silty Clay Loam,Strip,21.95,25,18.15,0.95,1.29,2.5,20.72,10.66,10.88,765.98,306.39
Alluvial,Isolated (Square),26.57,20,18.16,1.41,2.03,3.0,14.83,6.4,5.39,657.26,219.09
Silty Clay Loam,Isolated(Rectangular),19.37,20,18.15,2.15,1.0,2.5,14.83,6.4,5.39,585.92,234.37
Alluvial,Combined,18.62,20,18.02,1.27,2.93,2.5,14.83,6.4,5.39,564.89,225.96
Alluvial,Isolated (Square),28.85,25,18.31,1.0,1.12,2.5,20.72,10.66,10.88,904.52,361.81
Silty Clay Loam,Strip,21.52,30,18.52,1.5,2.34,2.5,30.14,18.4,22.4,1645.14,658.06
Silty Clay Loam,Isolated (Square),23.21,20,18.77,1.22,1.98,2.5,14.83,6.4,5.39,590.92,236.37
Alluvial,Combined,17.11,25,18.57,2.31,2.68,2.5,20.72,10.66,10.88,1082.53,433.01
Clayey Loam,Strip,13.11,25,18.03,1.12,1.38,3.0,20.72,10.66,10.88,622.26,207.42
Alluvial,Isolated (Square),20.89,30,18.08,1.02,1.17,2.5,30.14,18.4,22.4,1205.87,482.35
Silty Clay Loam,Isolated(Rectangular),25.44,20,18.09,1.95,2.05,2.5,14.83,6.4,5.39,702.98,281.19
Clayey Loam,Combined,12.91,20,18.68,1.43,2.31,3.0,14.83,6.4,5.39,478.71,159.57
Clayey Loam,Isolated(Circular),19.57,20,17.47,1.48,1.87,3.0,14.83,6.4,5.39,543.74,181.25
Clayey Loam,Isolated(Rectangular),26.4,20,18.32,2.4,1.16,2.5,14.83,6.4,5.39,730.18,292.07
Silty Clay Loam,Combined,21.65,25,17.85,2.28,2.1,2.5,20.72,10.66,10.88,1086.35,434.54
Silty Clay Loam,Combined,19.36,25,17.97,1.26,2.38,3.0,20.72,10.66,10.88,875.17,291.72
Silty Clay Loam,Strip,21.45,30,18.77,0.87,1.86,2.5,30.14,18.4,22.4,1337.99,535.2
Clayey Loam,Strip,19.24,30,18.22,1.87,2.9,2.5,30.14,18.4,22.4,1798.59,719.44
Clayey Loam,Strip,13.14,25,17.53,1.11,2.93,2.5,20.72,10.66,10.88,759.1,303.64
Clayey Loam,Strip,15.4,30,17.95,2.5,1.06,2.5,30.14,18.4,22.4,1502.96,601.18
Silty Clay Loam,Isolated (Square),17.19,30,18.8,2.24,1.92,2.5,30.14,18.4,22.4,1697.24,678.9
Silty Clay Loam,Isolated(Circular),28.19,30,18.49,2.45,2.83,2.5,30.14,18.4,22.4,2269.23,907.69
Clayey Loam,Isolated(Rectangular),17.3,20,18.0,1.58,1.04,2.5,14.83,6.4,5.39,489.03,195.61
Clayey Loam,Isolated (Square),18.97,30,17.08,1.43,1.05,3.0,30.14,18.4,22.4,1222.03,407.34
Silty Clay Loam,Isolated(Rectangular),16.66,30,18.9,2.08,1.38,2.5,30.14,18.4,22.4,1517.59,607.04
Silty Clay Loam,Isolated(Circular),17.25,25,17.32,2.22,1.71,3.0,20.72,10.66,10.88,928.42,309.47
Clayey Loam,Strip,23.7,25,18.37,2.46,2.01,2.5,20.72,10.66,10.88,1173.66,469.46
Clayey Loam,Isolated(Circular),10.15,20,17.31,2.44,1.74,2.5,14.83,6.4,5.39,502.01,200.8
Clayey Loam,Isolated(Rectangular),24.18,25,17.23,1.94,2.4,2.5,20.72,10.66,10.88,1082.29,432.92
Alluvial,Strip,15.13,25,17.97,1.07,2.23,3.0,20.72,10.66,10.88,736.46,245.49
Silty Clay Loam,Isolated (Square),18.35,20,17.97,1.64,1.12,2.5,14.83,6.4,5.39,514.98,205.99
Alluvial,Isolated(Rectangular),18.98,25,17.21,2.31,1.25,3.0,20.72,10.66,10.88,934.08,311.36
Clayey Loam,Isolated(Rectangular),24.06,20,18.79,1.97,1.66,2.5,14.83,6.4,5.39,677.77,271.11
Silty Clay Loam,Isolated (Square),12.49,20,18.31,1.49,1.36,3.0,14.83,6.4,5.39,426.94,142.31
Alluvial,Combined,28.77,25,18.87,2.21,2.56,2.5,20.72,10.66,10.88,1303.46,521.38
Alluvial,Combined,27.46,30,17.72,1.05,2.28,2.5,30.14,18.4,22.4,1622.49,649.0
Clayey Loam,Isolated(Rectangular),28.04,25,17.75,1.18,2.69,2.5,20.72,10.66,10.88,1064.01,425.6
Clayey Loam,Combined,20.74,20,18.17,1.47,1.26,3.0,14.83,6.4,5.39,540.22,180.07
Silty Clay Loam,Isolated(Circular),15.07,20,18.61,1.7,1.89,2.5,14.83,6.4,5.39,520.76,208.3
Silty Clay Loam,Strip,27.53,20,17.07,1.77,2.61,3.0,14.83,6.4,5.39,721.71,240.57
Clayey Loam,Strip,12.58,25,18.69,1.09,1.73,2.5,20.72,10.66,10.88,653.72,261.49
Silty Clay Loam,Isolated (Square),29.14,30,17.49,2.14,2.46,3.0,30.14,18.4,22.4,2048.85,682.95
Clayey Loam,Isolated (Square),13.78,30,17.29,1.13,1.08,2.5,30.14,18.4,22.4,983.96,393.58
Alluvial,Isolated(Rectangular),14.94,20,17.88,2.14,2.86,2.5,14.83,6.4,5.39,604.26,241.7
Alluvial,Isolated (Square),18.25,20,18.33,0.94,2.73,3.0,14.83,6.4,5.39,515.78,171.93
Clayey Loam,Strip,26.23,25,18.53,1.32,2.88,3.0,20.72,10.66,10.88,1094.54,364.85
Silty Clay Loam,Isolated(Rectangular),12.63,30,18.56,1.47,2.54,3.0,30.14,18.4,22.4,1410.67,470.22
Silty Clay Loam,Combined,26.27,20,18.56,2.11,2.47,2.5,14.83,6.4,5.39,763.77,305.51
Silty Clay Loam,Isolated(Rectangular),26.66,20,18.91,1.96,2.76,2.5,14.83,6.4,5.39,773.23,309.29
Silty Clay Loam,Isolated(Circular),29.59,25,17.79,1.78,1.18,3.0,20.72,10.66,10.88,1064.86,354.95
Silty Clay Loam,Isolated(Circular),27.99,30,17.87,0.97,2.33,2.5,30.14,18.4,22.4,1628.9,651.56
Clayey Loam,Strip,24.29,20,17.36,1.55,1.93,3.0,14.83,6.4,5.39,622.73,207.58
Clayey Loam,Isolated(Circular),20.32,20,17.11,1.86,1.98,3.0,14.83,6.4,5.39,596.32,198.77
Clayey Loam,Strip,20.23,25,17.39,2.28,1.3,2.5,20.72,10.66,10.88,964.81,385.92
Silty Clay Loam,Isolated(Circular),27.95,25,17.48,1.35,2.22,3.0,20.72,10.66,10.88,1041.78,347.26
Alluvial,Isolated(Rectangular),27.6,20,17.94,1.27,2.16,2.5,14.83,6.4,5.39,659.56,263.82
Alluvial,Isolated(Circular),18.99,30,17.92,1.31,2.79,3.0,30.14,18.4,22.4,1564.27,521.42
Alluvial,Combined,10.51,20,17.53,1.4,1.68,3.0,14.83,6.4,5.39,392.3,130.77
Clayey Loam,Combined,25.2,20,17.72,1.25,1.73,2.5,14.83,6.4,5.39,598.09,239.24
Clayey Loam,Strip,20.96,30,18.1,0.83,2.38,3.0,30.14,18.4,22.4,1390.63,463.54
Silty Clay Loam,Isolated(Circular),26.56,30,17.89,2.09,1.23,3.0,30.14,18.4,22.4,1734.95,578.32
Alluvial,Isolated(Rectangular),14.2,25,18.58,0.87,2.16,3.0,20.72,10.66,10.88,684.86,228.29
Alluvial,Isolated(Rectangular),25.5,25,17.03,2.03,1.17,2.5,20.72,10.66,10.88,1005.28,402.11
Silty Clay Loam,Combined,14.12,25,18.61,1.74,2.44,3.0,20.72,10.66,10.88,884.77,294.92
Alluvial,Isolated(Rectangular),14.37,20,18.68,2.05,2.11,2.5,14.83,6.4,5.39,564.41,225.76
Silty Clay Loam,Isolated (Square),28.96,25,17.07,1.15,1.75,2.5,20.72,10.66,10.88,971.82,388.73
Silty Clay Loam,Combined,20.64,25,18.84,1.14,1.12,2.5,20.72,10.66,10.88,771.4,308.56
Clayey Loam,Strip,12.92,20,18.92,0.94,2.06,2.5,14.83,6.4,5.39,410.46,164.18
Silty Clay Loam,Strip,16.82,30,17.07,1.81,2.85,3.0,30.14,18.4,22.4,1620.33,540.11
Clayey Loam,Isolated (Square),21.29,20,17.84,2.42,1.08,2.5,14.83,6.4,5.39,643.96,257.58
Clayey Loam,Isolated(Circular),19.15,30,17.46,1.55,2.7,2.5,30.14,18.4,22.4,1603.13,641.25
Clayey Loam,Strip,23.51,20,18.9,1.73,1.57,3.0,14.83,6.4,5.39,637.88,212.63
Silty Clay Loam,Isolated(Rectangular),24.23,25,17.44,2.38,2.23,2.5,20.72,10.66,10.88,1156.08,462.43
Alluvial,Isolated(Circular),21.7,30,17.0,1.76,2.83,3.0,30.14,18.4,22.4,1743.4,581.13
Clayey Loam,Isolated (Square),29.66,20,17.96,1.71,2.14,2.5,14.83,6.4,5.39,739.99,296.0
Silty Clay Loam,Isolated (Square),27.46,25,17.68,2.46,1.2,2.5,20.72,10.66,10.88,1148.02,459.21
Silty Clay Loam,Isolated(Rectangular),27.61,25,17.85,1.52,1.08,2.5,20.72,10.66,10.88,966.18,386.47
Clayey Loam,Isolated(Rectangular),23.67,30,18.39,1.32,1.77,3.0,30.14,18.4,22.4,1524.63,508.21
Silty Clay Loam,Isolated (Square),17.91,20,18.19,2.47,2.15,2.5,14.83,6.4,5.39,658.55,263.42
Silty Clay Loam,Isolated (Square),16.68,30,18.06,1.34,2.9,2.5,30.14,18.4,22.4,1534.61,613.84
Clayey Loam,Isolated(Circular),14.53,25,17.15,1.0,1.29,3.0,20.72,10.66,10.88,604.23,201.41
Clayey Loam,Isolated(Rectangular),29.32,30,17.59,1.14,1.02,3.0,30.14,18.4,22.4,1453.62,484.54
Alluvial,Isolated(Circular),26.5,30,18.52,1.66,1.95,2.5,30.14,18.4,22.4,1768.86,707.54
Alluvial,Isolated (Square),29.78,30,17.31,2.45,2.51,3.0,30.14,18.4,22.4,2164.52,721.51
Clayey Loam,Isolated (Square),27.45,20,17.72,1.9,1.08,2.5,14.83,6.4,5.39,674.13,269.65
Silty Clay Loam,Combined,16.27,30,18.05,1.34,2.3,3.0,30.14,18.4,22.4,1400.39,466.8
Silty Clay Loam,Isolated(Rectangular),12.88,20,18.99,0.98,2.35,2.5,14.83,6.4,5.39,430.38,172.15
Silty Clay Loam,Strip,27.74,25,17.06,1.46,1.79,3.0,20.72,10.66,10.88,1006.41,335.47
Alluvial,Strip,21.86,20,18.92,1.31,1.75,2.5,14.83,6.4,5.39,572.04,228.82
Silty Clay Loam,Isolated(Circular),26.73,20,17.78,2.44,1.5,2.5,14.83,6.4,5.39,745.93,298.37
Silty Clay Loam,Isolated(Rectangular),19.31,25,17.88,0.92,2.0,3.0,20.72,10.66,10.88,769.99,256.66
Silty Clay Loam,Isolated(Circular),17.89,30,17.1,1.06,1.23,2.5,30.14,18.4,22.4,1108.29,443.32
Silty Clay Loam,Strip,17.26,30,17.84,1.69,2.57,2.5,30.14,18.4,22.4,1588.48,635.39
Alluvial,Isolated(Rectangular),22.22,30,18.54,1.48,1.22,3.0,30.14,18.4,22.4,1427.92,475.97
Silty Clay Loam,Isolated(Rectangular),18.11,20,17.4,2.34,1.51,3.0,14.83,6.4,5.39,599.96,199.99
Clayey Loam,Isolated(Circular),21.33,30,18.46,1.68,1.64,2.5,30.14,18.4,22.4,1552.59,621.04
Alluvial,Combined,13.75,25,18.86,1.25,2.98,3.0,20.72,10.66,10.88,841.95,280.65
Silty Clay Loam,Isolated(Rectangular),14.66,20,17.22,1.35,1.29,2.5,14.83,6.4,5.39,426.05,170.42
Alluvial,Isolated(Rectangular),13.31,30,17.95,2.31,2.37,2.5,30.14,18.4,22.4,1640.58,656.23
Silty Clay Loam,Isolated(Circular),19.7,30,18.56,2.04,1.77,2.5,30.14,18.4,22.4,1658.36,663.34
Alluvial,Isolated(Circular),16.86,25,17.8,1.76,2.32,3.0,20.72,10.66,10.88,907.95,302.65
Silty Clay Loam,Isolated(Rectangular),22.08,25,17.83,1.95,2.36,2.5,20.72,10.66,10.88,1057.04,422.82
Silty Clay Loam,Isolated(Rectangular),14.02,30,18.93,2.11,2.04,3.0,30.14,18.4,22.4,1590.01,530.0
Silty Clay Loam,Isolated(Rectangular),27.97,30,18.82,2.48,2.42,2.5,30.14,18.4,22.4,2211.91,884.76
Clayey Loam,Isolated (Square),17.37,30,18.7,2.0,1.14,2.5,30.14,18.4,22.4,1450.45,580.18
Alluvial,Strip,26.88,25,18.02,2.16,1.72,2.5,20.72,10.66,10.88,1140.48,456.19
Clayey Loam,Strip,18.23,30,17.26,1.14,1.83,2.5,30.14,18.4,22.4,1265.26,506.1
Clayey Loam,Isolated(Circular),23.65,25,17.33,1.74,1.03,2.5,20.72,10.66,10.88,908.58,363.43
Silty Clay Loam,Isolated(Rectangular),15.59,20,17.59,1.02,2.54,2.5,14.83,6.4,5.39,466.44,186.58
Alluvial,Isolated (Square),21.44,20,18.69,1.93,2.67,3.0,14.83,6.4,5.39,683.3,227.77
Alluvial,Combined,12.31,20,18.48,0.92,2.65,3.0,14.83,6.4,5.39,423.35,141.12
Alluvial,Isolated (Square),21.64,30,17.66,2.21,1.41,2.5,30.14,18.4,22.4,1649.24,659.7
Clayey Loam,Combined,22.11,20,17.75,1.72,2.86,2.5,14.83,6.4,5.39,660.09,264.04
Clayey Loam,Isolated(Rectangular),22.5,25,17.56,1.61,2.3,2.5,20.72,10.66,10.88,987.29,394.92
Silty Clay Loam,Combined,16.61,30,17.98,0.82,2.1,3.0,30.14,18.4,22.4,1194.8,398.27
Alluvial,Isolated(Rectangular),25.62,25,17.85,1.19,1.79,2.5,20.72,10.66,10.88,931.1,372.44
Alluvial,Isolated(Rectangular),26.28,20,17.3,1.12,1.89,2.5,14.83,6.4,5.39,601.86,240.74
Silty Clay Loam,Isolated(Circular),25.23,25,18.38,1.15,1.39,3.0,20.72,10.66,10.88,887.07,295.69
Alluvial,Isolated(Rectangular),26.4,25,17.83,1.94,2.95,3.0,20.72,10.66,10.88,1201.88,400.63
Clayey Loam,Isolated(Circular),17.17,20,18.51,1.55,1.67,2.5,14.83,6.4,5.39,521.56,208.62
Silty Clay Loam,Isolated(Circular),19.03,30,18.55,1.55,1.0,3.0,30.14,18.4,22.4,1310.37,436.79
Clayey Loam,Isolated(Circular),12.96,25,18.17,1.34,2.78,2.5,20.72,10.66,10.88,802.87,321.15
Alluvial,Isolated(Circular),25.2,20,18.02,1.76,1.3,2.5,14.83,6.4,5.39,639.83,255.93
Alluvial,Isolated(Circular),27.19,25,17.78,1.86,1.73,3.0,20.72,10.66,10.88,1083.24,361.08
Clayey Loam,Isolated (Square),14.03,20,17.78,2.24,1.37,3.0,14.83,6.4,5.39,528.61,176.2
Clayey Loam,Isolated (Square),19.12,20,18.99,1.82,2.65,3.0,14.83,6.4,5.39,640.37,213.46
Alluvial,Combined,19.56,20,18.4,1.48,1.45,3.0,14.83,6.4,5.39,536.26,178.75
Alluvial,Isolated(Rectangular),25.19,20,18.49,2.47,1.16,2.5,14.83,6.4,5.39,723.66,289.46
Silty Clay Loam,Isolated(Circular),28.51,25,18.72,1.05,1.75,2.5,20.72,10.66,10.88,978.47,391.39
Alluvial,Isolated (Square),22.87,25,17.36,0.91,2.36,2.5,20.72,10.66,10.88,865.14,346.06
Alluvial,Combined,20.64,20,17.4,1.83,2.77,2.5,14.83,6.4,5.39,639.77,255.91
Clayey Loam,Isolated (Square),10.67,25,17.21,1.3,1.68,2.5,20.72,10.66,10.88,616.86,246.74
Alluvial,Isolated(Rectangular),15.47,20,18.77,2.16,2.15,2.5,14.83,6.4,5.39,597.65,239.06
Alluvial,Isolated(Circular),15.43,20,17.3,1.54,1.43,2.5,14.83,6.4,5.39,466.01,186.4
Alluvial,Isolated(Circular),18.52,20,17.81,2.48,2.43,3.0,14.83,6.4,5.39,673.97,224.66
Alluvial,Isolated(Circular),23.69,30,18.46,1.77,2.41,2.5,30.14,18.4,22.4,1813.49,725.4
Alluvial,Isolated (Square),28.97,25,18.55,0.92,1.52,2.5,20.72,10.66,10.88,935.57,374.23
Clayey Loam,Combined,27.35,25,18.61,0.84,1.23,2.5,20.72,10.66,10.88,857.86,343.14
Clayey Loam,Isolated(Rectangular),12.47,30,18.45,0.99,2.64,2.5,30.14,18.4,22.4,1257.46,502.98
Alluvial,Combined,27.74,20,17.12,1.53,2.64,2.5,14.83,6.4,5.39,700.83,280.33
Silty Clay Loam,Isolated(Circular),23.37,25,18.99,1.93,1.09,2.5,20.72,10.66,10.88,987.53,395.01
Alluvial,Combined,28.76,30,17.19,2.46,2.09,2.5,30.14,18.4,22.4,2047.3,818.92
Alluvial,Strip,21.49,25,18.14,1.76,2.63,2.5,20.72,10.66,10.88,1045.14,418.06
Silty Clay Loam,Isolated(Circular),22.21,25,17.88,1.82,2.62,3.0,20.72,10.66,10.88,1061.92,353.97
Silty Clay Loam,Isolated(Circular),27.32,30,18.31,1.8,1.65,2.5,30.14,18.4,22.4,1768.22,707.29
Alluvial,Strip,15.57,25,17.01,0.88,2.52,3.0,20.72,10.66,10.88,715.36,238.45
Silty Clay Loam,Combined,20.97,20,17.0,2.18,1.69,2.5,14.83,6.4,5.39,625.6,250.24
Clayey Loam,Isolated(Rectangular),13.23,25,17.02,1.78,2.76,3.0,20.72,10.66,10.88,852.62,284.21
Silty Clay Loam,Combined,20.97,30,17.56,1.59,2.8,3.0,30.14,18.4,22.4,1696.45,565.48
Silty Clay Loam,Isolated(Rectangular),10.66,20,18.67,2.39,2.71,3.0,14.83,6.4,5.39,580.02,193.34
Alluvial,Isolated (Square),17.48,30,18.43,1.87,1.11,3.0,30.14,18.4,22.4,1390.11,463.37
Clayey Loam,Isolated(Circular),18.22,30,17.76,1.98,1.14,2.5,30.14,18.4,22.4,1422.94,569.18
Silty Clay Loam,Isolated (Square),10.91,30,18.02,1.12,1.74,3.0,30.14,18.4,22.4,1051.36,350.45
Alluvial,Strip,25.67,20,17.9,2.37,1.6,3.0,14.83,6.4,5.39,729.38,243.13
Silty Clay Loam,Strip,23.87,20,18.27,2.08,1.35,3.0,14.83,6.4,5.39,663.67,221.22
Silty Clay Loam,Combined,16.46,25,18.0,1.56,1.85,3.0,20.72,10.66,10.88,821.54,273.85
Alluvial,Isolated (Square),10.14,30,17.0,2.39,1.59,2.5,30.14,18.4,22.4,1355.95,542.38
Clayey Loam,Isolated (Square),12.07,25,17.51,1.91,1.12,2.5,20.72,10.66,10.88,713.29,285.32
Alluvial,Strip,19.25,20,17.54,0.92,2.58,2.5,14.83,6.4,5.39,510.71,204.28
Clayey Loam,Combined,23.24,20,17.49,2.02,2.47,3.0,14.83,6.4,5.39,687.18,229.06
Silty Clay Loam,Isolated(Rectangular),27.12,20,17.49,0.99,2.6,3.0,14.83,6.4,5.39,635.56,211.85
Clayey Loam,Combined,11.3,30,18.68,0.99,1.99,3.0,30.14,18.4,22.4,1097.2,365.73
Alluvial,Combined,21.78,25,18.39,2.3,2.97,3.0,20.72,10.66,10.88,1199.29,399.76
Clayey Loam,Isolated (Square),12.16,25,17.41,1.65,2.02,2.5,20.72,10.66,10.88,749.49,299.8
Alluvial,Strip,22.08,30,17.81,1.77,2.85,3.0,30.14,18.4,22.4,1814.02,604.67
Silty Clay Loam,Isolated (Square),11.57,30,17.23,1.1,1.83,2.5,30.14,18.4,22.4,1050.6,420.24
Clayey Loam,Isolated(Rectangular),12.47,25,18.85,1.3,2.76,2.5,20.72,10.66,10.88,802.62,321.05
Clayey Loam,Isolated(Circular),26.86,25,18.68,2.21,1.76,3.0,20.72,10.66,10.88,1175.46,391.82
Alluvial,Isolated(Rectangular),12.15,25,17.82,1.53,2.9,2.5,20.72,10.66,10.88,823.52,329.41
Alluvial,Strip,21.48,20,18.76,0.8,2.92,2.5,14.83,6.4,5.39,562.23,224.89
Silty Clay Loam,Isolated (Square),21.56,25,17.4,1.9,2.22,3.0,20.72,10.66,10.88,1009.28,336.43
Silty Clay Loam,Combined,15.47,30,18.73,1.28,2.35,3.0,30.14,18.4,22.4,1400.37,466.79
